order_id,checkout_ts,store_id,category,zone_id,origin_lat,origin_lon,dest_lat,dest_lon,distance_km,store_notify_ts,courier_notify_ts,courier_arrive_pos_ts,pickup_ts,deliver_ts
ord_006999,2026-07-13 10:51:00-03:00,store_068,pharmacy,zone_1,-34.646918216543206,-58.42294151016034,-34.61321414694121,-58.44986461002782,4.485,2026-07-13 10:54:14.360180346-03:00,2026-07-13 10:55:57.819728730-03:00,2026-07-13 11:07:54.623380290-03:00,2026-07-13 11:08:32.476119486-03:00,2026-07-13 11:26:59.571960696-03:00
ord_010848,2026-07-13 11:10:00-03:00,store_047,pharmacy,zone_0,-34.62116718960697,-58.46121185544741,-34.56895094672255,-58.44281427058955,6.045,2026-07-13 11:11:58.031775402-03:00,2026-07-13 11:12:50.013239436-03:00,2026-07-13 11:35:34.533652272-03:00,2026-07-13 11:37:55.342917180-03:00,2026-07-13 11:59:31.313260050-03:00
ord_005335,2026-07-13 12:29:00-03:00,store_056,grocery,zone_5,-34.60410842244617,-58.355387302278615,-34.635404717255646,-58.381347560020394,4.213,2026-07-13 12:30:21.787860852-03:00,2026-07-13 12:31:43.559840256-03:00,2026-07-13 12:45:29.792732598-03:00,2026-07-13 12:51:00.357646583-03:00,2026-07-13 13:16:34.513741019-03:00
ord_009191,2026-07-13 13:19:00-03:00,store_009,food,zone_4,-34.60496140621044,-58.41486417923656,-34.6146108441279,-58.428269297510724,1.63,2026-07-13 13:22:34.712597790-03:00,2026-07-13 13:24:33.436668810-03:00,2026-07-13 13:34:16.207037178-03:00,2026-07-13 14:19:58.672236522-03:00,2026-07-13 14:32:21.908986116-03:00
ord_002639,2026-07-13 14:25:00-03:00,store_071,grocery,zone_5,-34.60914713562754,-58.36349909966083,-34.638198045142744,-58.38997651844107,4.038,2026-07-13 14:29:56.514513720-03:00,2026-07-13 14:30:28.820866512-03:00,2026-07-13 14:59:31.769696016-03:00,2026-07-13 15:01:47.320994874-03:00,2026-07-13 15:21:48.687874308-03:00
ord_007352,2026-07-13 14:33:00-03:00,store_061,food,zone_4,-34.602890379385684,-58.41620809073391,-34.57715698133512,-58.434852376710424,3.332,2026-07-13 14:34:14.555117808-03:00,2026-07-13 14:35:35.380378104-03:00,2026-07-13 14:55:25.869523614-03:00,2026-07-13 14:58:38.300331480-03:00,2026-07-13 15:25:19.339203792-03:00
ord_002225,2026-07-13 14:37:00-03:00,store_001,food,zone_4,-34.60611215602479,-58.42716970801279,-34.57517862101552,-58.400867252528414,4.199,2026-07-13 14:39:31.889401818-03:00,2026-07-13 14:39:49.074290208-03:00,2026-07-13 15:04:27.475038636-03:00,2026-07-13 15:06:41.966811408-03:00,2026-07-13 15:30:45.479803236-03:00
ord_001024,2026-07-13 15:18:00-03:00,store_026,grocery,zone_4,-34.603327899627295,-58.421583004721306,-34.62158909863614,-58.438024115182714,2.527,2026-07-13 15:21:43.438215084-03:00,2026-07-13 15:24:59.643992202-03:00,2026-07-13 15:40:15.763631429-03:00,2026-07-13 15:41:32.826906983-03:00,2026-07-13 15:56:51.964947803-03:00
ord_001208,2026-07-13 15:51:00-03:00,store_012,food,zone_4,-34.58561348799193,-58.421999684175375,-34.56496983261375,-58.35116882384133,6.879,2026-07-13 15:54:34.834078914-03:00,2026-07-13 15:56:39.080472336-03:00,2026-07-13 16:18:54.318299232-03:00,2026-07-13 16:20:50.429941410-03:00,2026-07-13 16:53:09.260369028-03:00
ord_004958,2026-07-13 16:42:00-03:00,store_020,food,zone_8,-34.57419122599146,-58.361884510208014,-34.62025111665671,-58.479045585976,11.884,2026-07-13 16:42:30-03:00,2026-07-13 16:44:08.473152444-03:00,2026-07-13 17:16:37.319643846-03:00,2026-07-13 17:18:00.159883518-03:00,2026-07-13 18:05:10.658629956-03:00
ord_008796,2026-07-13 18:28:00-03:00,store_009,grocery,zone_4,-34.60496140621044,-58.41486417923656,-34.63526825666809,-58.421958236485054,3.432,2026-07-13 18:31:56.658409836-03:00,2026-07-13 18:33:41.825196306-03:00,2026-07-13 18:44:58.901284404-03:00,2026-07-13 18:45:38.471182764-03:00,2026-07-13 19:07:30.534739506-03:00
ord_003561,2026-07-13 18:53:00-03:00,store_019,food,zone_5,-34.58683356008779,-58.35495330360857,-34.59239423222169,-58.40903461113744,4.989,2026-07-13 18:57:42.093088410-03:00,2026-07-13 18:58:50.785193886-03:00,2026-07-13 19:14:04.023785922-03:00,2026-07-13 19:30:54.310400856-03:00,2026-07-13 19:55:39.337704828-03:00
ord_001322,2026-07-13 19:09:00-03:00,store_007,pharmacy,zone_7,-34.5713935694723,-58.41995596006732,-34.58084939161714,-58.350543261014074,6.441,2026-07-13 19:12:02.554143330-03:00,2026-07-13 19:12:51.880210260-03:00,2026-07-13 19:40:57.710477898-03:00,2026-07-13 19:42:13.215420360-03:00,2026-07-13 20:20:03.700037538-03:00
ord_007333,2026-07-13 20:21:00-03:00,store_065,food,zone_3,-34.594642059934195,-58.44529316379805,-34.60091066562354,-58.42517656376414,1.969,2026-07-13 20:26:12.964001442-03:00,2026-07-13 20:28:49.892468526-03:00,2026-07-13 20:41:39.884224512-03:00,2026-07-13 21:04:56.345778714-03:00,2026-07-13 21:19:50.984492220-03:00
ord_010826,2026-07-13 22:43:00-03:00,store_056,food,zone_5,-34.60410842244617,-58.355387302278615,-34.59311879351116,-58.47147113279114,10.695,2026-07-13 22:47:22.533646578-03:00,2026-07-13 22:49:10.758854016-03:00,2026-07-13 23:16:52.103237268-03:00,2026-07-13 23:18:32.005231782-03:00,2026-07-14 00:03:51.665638698-03:00
ord_001486,2026-07-14 00:43:00-03:00,store_054,food,zone_7,-34.57948346213736,-58.403180986107415,-34.58799459717802,-58.37437047516323,2.802,2026-07-14 00:48:28.903982292-03:00,2026-07-14 00:50:41.578837608-03:00,2026-07-14 01:05:09.816459672-03:00,2026-07-14 01:06:39.404421120-03:00,2026-07-14 01:22:58.729846704-03:00
ord_007002,2026-07-14 00:47:00-03:00,store_001,pharmacy,zone_4,-34.60611215602479,-58.42716970801279,-34.636354248222624,-58.42149615931673,3.403,2026-07-14 00:49:14.162986926-03:00,2026-07-14 00:50:31.444781466-03:00,2026-07-14 01:06:42.514050768-03:00,2026-07-14 01:07:40.581247440-03:00,2026-07-14 01:27:44.591651904-03:00
ord_008236,2026-07-14 01:12:00-03:00,store_060,food,zone_7,-34.583159703820954,-58.41673441699104,-34.60939366089279,-58.43013888473372,3.165,2026-07-14 01:14:20.819088600-03:00,2026-07-14 01:16:01.704451338-03:00,2026-07-14 01:24:01.712184792-03:00,2026-07-14 01:53:09.071258957-03:00,2026-07-14 02:09:39.118345487-03:00
ord_004289,2026-07-14 01:28:00-03:00,store_003,food,zone_6,-34.58026319709406,-58.458293520412,-34.561581406189966,-58.37351217531093,8.036,2026-07-14 01:32:26.444168304-03:00,2026-07-14 01:35:55.106103774-03:00,2026-07-14 01:56:27.762831684-03:00,2026-07-14 02:05:09.353772396-03:00,2026-07-14 02:39:43.591532274-03:00
ord_003431,2026-07-14 01:40:00-03:00,store_067,food,zone_1,-34.619604990193736,-58.4123125876787,-34.558681923245594,-58.40465015477822,6.811,2026-07-14 01:43:10.896887328-03:00,2026-07-14 01:45:20.342832288-03:00,2026-07-14 02:06:14.358346518-03:00,2026-07-14 02:10:16.916123388-03:00,2026-07-14 02:39:21.640547508-03:00
ord_007076,2026-07-14 01:57:00-03:00,store_039,food,zone_7,-34.583018600531744,-58.39844985070868,-34.63279919887482,-58.39728079300766,5.536,2026-07-14 02:00:49.298291676-03:00,2026-07-14 02:02:02.929533912-03:00,2026-07-14 02:24:34.541109504-03:00,2026-07-14 02:30:41.128483860-03:00,2026-07-14 02:55:03.045322914-03:00
ord_003410,2026-07-14 03:08:00-03:00,store_042,grocery,zone_6,-34.57997348979977,-58.46902223825181,-34.62739302282374,-58.435223640320814,6.113,2026-07-14 03:10:50.211860922-03:00,2026-07-14 03:13:14.102997312-03:00,2026-07-14 03:31:35.490109740-03:00,2026-07-14 03:33:23.910023742-03:00,2026-07-14 03:58:05.506991712-03:00
ord_003438,2026-07-14 03:17:00-03:00,store_051,food,zone_2,-34.6492637730249,-58.359734384611016,-34.624389767752035,-58.475195765786445,10.919,2026-07-14 03:23:02.234110518-03:00,2026-07-14 03:25:38.911619964-03:00,2026-07-14 03:49:24.257606076-03:00,2026-07-14 03:51:26.419081920-03:00,2026-07-14 04:36:52.070028450-03:00
ord_002381,2026-07-14 04:28:00-03:00,store_012,food,zone_4,-34.58561348799193,-58.421999684175375,-34.63011016214487,-58.36714742107914,7.049,2026-07-14 04:28:30-03:00,2026-07-14 04:29:09.648930120-03:00,2026-07-14 04:49:50.382936426-03:00,2026-07-14 05:00:52.075719348-03:00,2026-07-14 05:26:46.483581654-03:00
ord_006223,2026-07-14 04:43:00-03:00,store_039,food,zone_7,-34.583018600531744,-58.39844985070868,-34.59578257617071,-58.41407785589176,2.015,2026-07-14 04:47:12.281982714-03:00,2026-07-14 04:49:10.004982606-03:00,2026-07-14 04:59:11.389069740-03:00,2026-07-14 05:10:03.867306660-03:00,2026-07-14 05:24:01.731193416-03:00
ord_010658,2026-07-14 05:27:00-03:00,store_054,food,zone_7,-34.57948346213736,-58.403180986107415,-34.616626380011546,-58.4779747808778,7.995,2026-07-14 05:30:19.453295502-03:00,2026-07-14 05:32:21.000553944-03:00,2026-07-14 05:55:44.511368544-03:00,2026-07-14 05:57:24.120599988-03:00,2026-07-14 06:26:03.108228798-03:00
ord_010225,2026-07-14 06:57:00-03:00,store_074,food,zone_0,-34.64416972583109,-58.46588515365239,-34.57820830058365,-58.4136719186888,8.754,2026-07-14 06:59:27.841831578-03:00,2026-07-14 07:03:18.870096714-03:00,2026-07-14 07:29:57.208728432-03:00,2026-07-14 07:31:12.334639859-03:00,2026-07-14 08:04:26.035620533-03:00
ord_008031,2026-07-14 07:43:00-03:00,store_076,food,zone_0,-34.62064062422333,-58.443439608100924,-34.60186916942323,-58.405252955125725,4.071,2026-07-14 07:45:55.588942734-03:00,2026-07-14 07:48:17.076846570-03:00,2026-07-14 08:09:48.583028466-03:00,2026-07-14 08:16:14.555842392-03:00,2026-07-14 08:36:11.918841516-03:00
ord_009416,2026-07-14 11:07:00-03:00,store_022,grocery,zone_6,-34.55293019756051,-58.44543690501026,-34.63316657597223,-58.37451329614861,11.034,2026-07-14 11:09:03.659903724-03:00,2026-07-14 11:10:25.747691442-03:00,2026-07-14 11:38:06.253569600-03:00,2026-07-14 11:41:02.912941242-03:00,2026-07-14 12:23:15.443329260-03:00
ord_009375,2026-07-14 12:05:00-03:00,store_060,food,zone_7,-34.583159703820954,-58.41673441699104,-34.586166758221246,-58.351624164802246,5.97,2026-07-14 12:10:47.074669302-03:00,2026-07-14 12:12:23.572453530-03:00,2026-07-14 12:33:58.611028392-03:00,2026-07-14 12:49:05.981726856-03:00,2026-07-14 13:23:13.451193924-03:00
ord_011286,2026-07-14 13:20:00-03:00,store_031,food,zone_6,-34.553249026756575,-58.453692762576615,-34.57925071583032,-58.351055052470365,9.833,2026-07-14 13:21:53.010373824-03:00,2026-07-14 13:22:05.010373824-03:00,2026-07-14 13:57:32.883580890-03:00,2026-07-14 13:59:25.034654202-03:00,2026-07-14 14:40:40.257507804-03:00
ord_004370,2026-07-14 14:24:00-03:00,store_067,food,zone_1,-34.619604990193736,-58.4123125876787,-34.6236282662794,-58.360785609881766,4.736,2026-07-14 14:27:44.664793626-03:00,2026-07-14 14:30:08.778527370-03:00,2026-07-14 14:48:28.722361962-03:00,2026-07-14 14:55:04.991200482-03:00,2026-07-14 15:24:48.848691672-03:00
ord_006101,2026-07-14 15:31:00-03:00,store_039,grocery,zone_7,-34.583018600531744,-58.39844985070868,-34.642009462779406,-58.44344512674075,7.745,2026-07-14 15:33:32.217433056-03:00,2026-07-14 15:33:44.217433056-03:00,2026-07-14 15:56:08.660223138-03:00,2026-07-14 15:56:26.660223138-03:00,2026-07-14 16:31:44.696696556-03:00
ord_009334,2026-07-14 16:23:00-03:00,store_063,food,zone_7,-34.573500114258394,-58.40567535319111,-34.61112846782565,-58.372921462411,5.147,2026-07-14 16:25:30.431223360-03:00,2026-07-14 16:27:06.433706796-03:00,2026-07-14 16:43:24.144556398-03:00,2026-07-14 16:44:15.324288264-03:00,2026-07-14 17:05:52.870110702-03:00
ord_011061,2026-07-14 16:27:00-03:00,store_042,pharmacy,zone_6,-34.57997348979977,-58.46902223825181,-34.57489345838124,-58.38329163394206,7.869,2026-07-14 16:29:27.624643974-03:00,2026-07-14 16:32:44.062296642-03:00,2026-07-14 16:57:16.690830558-03:00,2026-07-14 16:58:56.901494556-03:00,2026-07-14 17:32:27.118981212-03:00
ord_001295,2026-07-14 19:12:00-03:00,store_027,food,zone_0,-34.645619623421275,-58.44460859696013,-34.64709154343072,-58.40644988748669,3.494,2026-07-14 19:14:52.242192138-03:00,2026-07-14 19:17:15.463980804-03:00,2026-07-14 19:35:20.048043288-03:00,2026-07-14 19:44:31.329570072-03:00,2026-07-14 20:14:08.412075480-03:00
ord_004193,2026-07-14 19:15:00-03:00,store_005,food,zone_6,-34.55243776483632,-58.46829377809917,-34.58914376131015,-58.35382488435488,11.248,2026-07-14 19:19:15.627456714-03:00,2026-07-14 19:20:57.437990178-03:00,2026-07-14 19:58:13.319343222-03:00,2026-07-14 20:20:51.550299900-03:00,2026-07-14 21:16:44.923609932-03:00
ord_004698,2026-07-14 20:12:00-03:00,store_062,pharmacy,zone_5,-34.59347638935188,-58.358082560853255,-34.61381447836169,-58.4688897743482,10.391,2026-07-14 20:15:31.345995738-03:00,2026-07-14 20:18:37.508875062-03:00,2026-07-14 20:54:54.228845040-03:00,2026-07-14 20:56:10.534813553-03:00,2026-07-14 21:52:38.536233971-03:00
ord_000829,2026-07-14 20:32:00-03:00,store_023,food,zone_8,-34.56068788786778,-58.354007070944796,-34.61613624891319,-58.45499003662955,11.112,2026-07-14 20:34:52.421805456-03:00,2026-07-14 20:35:04.421805456-03:00,2026-07-14 21:19:47.165361156-03:00,2026-07-14 21:21:14.049290160-03:00,2026-07-14 22:19:15.649274358-03:00
ord_010945,2026-07-14 20:45:00-03:00,store_015,food,zone_1,-34.62727612782152,-58.398063262894546,-34.56010653500494,-58.416380960875046,7.655,2026-07-14 20:47:41.796870318-03:00,2026-07-14 20:49:37.163211870-03:00,2026-07-14 21:18:17.005318110-03:00,2026-07-14 21:19:45.441836076-03:00,2026-07-14 22:02:50.532250200-03:00
ord_000280,2026-07-14 22:50:00-03:00,store_049,food,zone_1,-34.63602475163907,-58.403606205616896,-34.59510946597202,-58.45020207434863,6.235,2026-07-14 22:51:52.160242938-03:00,2026-07-14 22:55:26.649837876-03:00,2026-07-14 23:14:04.408780428-03:00,2026-07-14 23:15:34.039251366-03:00,2026-07-14 23:36:21.106999950-03:00
ord_010640,2026-07-15 03:12:00-03:00,store_021,food,zone_5,-34.61454740318701,-58.389038072604606,-34.61963070634315,-58.44079327977746,4.77,2026-07-15 03:17:21.854437956-03:00,2026-07-15 03:21:07.310278566-03:00,2026-07-15 03:39:30.622117512-03:00,2026-07-15 03:40:32.300840460-03:00,2026-07-15 04:05:46.671334560-03:00
ord_001866,2026-07-15 03:36:00-03:00,store_057,grocery,zone_4,-34.593125880404706,-58.41730055319742,-34.61742381696048,-58.364943290584414,5.501,2026-07-15 03:37:04.435435314-03:00,2026-07-15 03:39:27.532590312-03:00,2026-07-15 04:00:02.990970402-03:00,2026-07-15 04:01:25.594787190-03:00,2026-07-15 04:29:06.502534440-03:00
ord_000500,2026-07-15 04:16:00-03:00,store_049,food,zone_1,-34.63602475163907,-58.403606205616896,-34.58571744151288,-58.44267716240762,6.639,2026-07-15 04:17:39.905028288-03:00,2026-07-15 04:19:44.758700598-03:00,2026-07-15 04:39:27.570727692-03:00,2026-07-15 04:41:52.047298218-03:00,2026-07-15 05:07:15.639018030-03:00
ord_007469,2026-07-15 04:47:00-03:00,store_011,pharmacy,zone_8,-34.557323501115135,-58.389478351239894,-34.59795119018323,-58.466251816889454,8.355,2026-07-15 04:51:52.768383738-03:00,2026-07-15 04:54:44.349610920-03:00,2026-07-15 05:21:26.539051356-03:00,2026-07-15 05:22:58.237717080-03:00,2026-07-15 05:56:18.287758398-03:00
ord_010468,2026-07-15 07:39:00-03:00,store_007,food,zone_7,-34.5713935694723,-58.41995596006732,-34.608490222125454,-58.44624909669605,4.776,2026-07-15 07:42:41.453839590-03:00,2026-07-15 07:44:23.927483184-03:00,2026-07-15 08:03:42.543073434-03:00,2026-07-15 08:14:49.203371310-03:00,2026-07-15 08:33:26.311851720-03:00
ord_009471,2026-07-15 10:50:00-03:00,store_064,grocery,zone_4,-34.58652816799994,-58.418446377862594,-34.574492575431734,-58.456721086767445,3.751,2026-07-15 10:51:49.401535932-03:00,2026-07-15 10:52:58.235498082-03:00,2026-07-15 11:09:11.793844398-03:00,2026-07-15 11:12:32.024066748-03:00,2026-07-15 11:23:59.843107452-03:00
ord_002452,2026-07-15 10:56:00-03:00,store_072,food,zone_6,-34.56465969267318,-58.46176761843018,-34.63195234781804,-58.35074813427701,12.0,2026-07-15 10:58:30.435708210-03:00,2026-07-15 10:59:23.668322646-03:00,2026-07-15 11:24:09.895635024-03:00,2026-07-15 11:26:20.455701048-03:00,2026-07-15 12:14:51.348378822-03:00
ord_003389,2026-07-15 11:24:00-03:00,store_048,food,zone_6,-34.5817504496025,-58.46655761419606,-34.56649752297943,-58.401197954156515,6.22,2026-07-15 11:28:18.766625958-03:00,2026-07-15 11:31:07.582545366-03:00,2026-07-15 11:42:43.570127370-03:00,2026-07-15 11:50:16.880850174-03:00,2026-07-15 12:22:31.456646100-03:00
ord_000837,2026-07-15 11:55:00-03:00,store_070,grocery,zone_2,-34.628541532718046,-58.372582049854735,-34.59105511639125,-58.39543055975928,4.663,2026-07-15 11:58:18.578781282-03:00,2026-07-15 12:00:17.168900070-03:00,2026-07-15 12:19:32.829657042-03:00,2026-07-15 12:21:30.905437740-03:00,2026-07-15 12:39:19.409395338-03:00
ord_001510,2026-07-15 12:24:00-03:00,store_044,grocery,zone_6,-34.566774019860475,-58.47459015739795,-34.56442334121445,-58.41314270634497,5.633,2026-07-15 12:29:19.493319024-03:00,2026-07-15 12:29:31.493319024-03:00,2026-07-15 12:53:14.884011282-03:00,2026-07-15 12:53:54.668729304-03:00,2026-07-15 13:25:07.793511588-03:00
ord_004678,2026-07-15 14:21:00-03:00,store_028,grocery,zone_0,-34.63457105079324,-58.46746917492004,-34.60088304035009,-58.37199950493506,9.506,2026-07-15 14:24:20.088527802-03:00,2026-07-15 14:26:08.258784426-03:00,2026-07-15 14:54:52.962022746-03:00,2026-07-15 14:55:30.500025666-03:00,2026-07-15 15:39:21.606988698-03:00
ord_008033,2026-07-15 15:04:00-03:00,store_022,grocery,zone_6,-34.55293019756051,-58.44543690501026,-34.61043591863908,-58.4512112946249,6.416,2026-07-15 15:08:22.185725436-03:00,2026-07-15 15:10:42.828558936-03:00,2026-07-15 15:33:11.609795724-03:00,2026-07-15 15:34:50.034811686-03:00,2026-07-15 15:59:51.054229122-03:00
ord_010696,2026-07-15 18:51:00-03:00,store_048,food,zone_6,-34.5817504496025,-58.46655761419606,-34.63094518707329,-58.3945801699113,8.563,2026-07-15 18:55:28.316434740-03:00,2026-07-15 18:58:15.976782054-03:00,2026-07-15 19:20:35.572215450-03:00,2026-07-15 19:25:47.270195112-03:00,2026-07-15 20:02:57.157332024-03:00
ord_006615,2026-07-15 18:51:00-03:00,store_069,grocery,zone_3,-34.60632826107676,-58.477190429615554,-34.61549678503944,-58.447964595810696,2.862,2026-07-15 18:55:38.549724864-03:00,2026-07-15 18:58:26.279253414-03:00,2026-07-15 19:12:00.017486172-03:00,2026-07-15 19:13:32.783110656-03:00,2026-07-15 19:23:54.014957676-03:00
ord_000782,2026-07-15 18:59:00-03:00,store_076,food,zone_0,-34.62064062422333,-58.443439608100924,-34.57192127980673,-58.413622564539764,6.066,2026-07-15 18:59:42.160369266-03:00,2026-07-15 19:01:52.739611062-03:00,2026-07-15 19:24:10.518841272-03:00,2026-07-15 19:25:52.674021234-03:00,2026-07-15 19:50:01.208112600-03:00
ord_010308,2026-07-15 19:24:00-03:00,store_023,grocery,zone_8,-34.56068788786778,-58.354007070944796,-34.6143371367994,-58.37540881308162,6.279,2026-07-15 19:27:03.331682538-03:00,2026-07-15 19:28:54.725597376-03:00,2026-07-15 19:57:07.239527064-03:00,2026-07-15 19:58:34.544413320-03:00,2026-07-15 20:28:38.030234478-03:00
ord_004071,2026-07-15 20:10:00-03:00,store_068,grocery,zone_1,-34.646918216543206,-58.42294151016034,-34.56087320671751,-58.4374491343433,9.659,2026-07-15 20:15:04.774764768-03:00,2026-07-15 20:17:36.187864968-03:00,2026-07-15 20:57:57.708311262-03:00,2026-07-15 21:00:07.115833578-03:00,2026-07-15 21:52:06.099867768-03:00
ord_011417,2026-07-15 20:25:00-03:00,store_036,food,zone_2,-34.63700784946645,-58.38139246112142,-34.582483496737694,-58.47731631312636,10.669,2026-07-15 20:26:26.842746528-03:00,2026-07-15 20:27:36.764178384-03:00,2026-07-15 21:04:01.462948182-03:00,2026-07-15 21:05:17.652362886-03:00,2026-07-15 22:02:27.538198650-03:00
ord_007127,2026-07-15 20:31:00-03:00,store_053,food,zone_4,-34.583514914340796,-58.434906925410466,-34.61609063979878,-58.45903113122458,4.242,2026-07-15 20:35:18.071219160-03:00,2026-07-15 20:39:05.788664856-03:00,2026-07-15 21:01:24.668905914-03:00,2026-07-15 21:03:16.012329084-03:00,2026-07-15 21:34:00.024375300-03:00
ord_007256,2026-07-15 21:11:00-03:00,store_067,grocery,zone_1,-34.619604990193736,-58.4123125876787,-34.58773425927989,-58.35049008338633,6.676,2026-07-15 21:13:35.202082482-03:00,2026-07-15 21:15:57.556686798-03:00,2026-07-15 21:43:51.334613622-03:00,2026-07-15 21:44:09.334613622-03:00,2026-07-15 22:18:35.298590610-03:00
ord_011552,2026-07-15 23:04:00-03:00,store_056,food,zone_5,-34.60410842244617,-58.355387302278615,-34.555706167223605,-58.42197269081499,8.132,2026-07-15 23:04:59.978972718-03:00,2026-07-15 23:07:15.237042774-03:00,2026-07-15 23:26:56.302055958-03:00,2026-07-15 23:33:13.893666108-03:00,2026-07-16 00:07:34.890920874-03:00
ord_004025,2026-07-15 23:17:00-03:00,store_041,grocery,zone_7,-34.56673218039421,-58.39551994179787,-34.57281003913431,-58.43409005975358,3.596,2026-07-15 23:20:21.537265080-03:00,2026-07-15 23:21:58.655447958-03:00,2026-07-15 23:36:55.147229850-03:00,2026-07-15 23:37:55.664099286-03:00,2026-07-15 23:53:24.986640660-03:00
ord_001471,2026-07-15 23:29:00-03:00,store_042,food,zone_6,-34.57997348979977,-58.46902223825181,-34.63330985051803,-58.37029899215042,10.808,2026-07-15 23:31:27.546898938-03:00,2026-07-15 23:35:58.504267368-03:00,2026-07-16 00:01:59.310621540-03:00,2026-07-16 00:04:23.243770290-03:00,2026-07-16 00:41:26.014217304-03:00
ord_003682,2026-07-16 00:21:00-03:00,store_040,pharmacy,zone_4,-34.60628480811277,-58.404067264041345,-34.57246937426331,-58.3971369662679,3.813,2026-07-16 00:21:30-03:00,2026-07-16 00:23:37.433334342-03:00,2026-07-16 00:41:21.222234576-03:00,2026-07-16 00:41:59.028127008-03:00,2026-07-16 01:00:16.979554368-03:00
ord_007004,2026-07-16 03:00:00-03:00,store_008,food,zone_0,-34.637188636732446,-58.45903466872563,-34.6498751863876,-58.44241807633323,2.074,2026-07-16 03:03:53.372086362-03:00,2026-07-16 03:05:13.005604248-03:00,2026-07-16 03:15:41.368019010-03:00,2026-07-16 03:29:02.317340970-03:00,2026-07-16 03:39:04.238975916-03:00
ord_010385,2026-07-16 03:58:00-03:00,store_007,food,zone_7,-34.5713935694723,-58.41995596006732,-34.592355383716146,-58.38649761669697,3.849,2026-07-16 04:02:44.082277608-03:00,2026-07-16 04:03:28.029840876-03:00,2026-07-16 04:15:18.484577316-03:00,2026-07-16 04:36:08.508637422-03:00,2026-07-16 04:54:36.746317848-03:00
ord_002891,2026-07-16 04:53:00-03:00,store_046,food,zone_3,-34.61125216209698,-58.43711804239673,-34.560625609422345,-58.46171040000359,6.063,2026-07-16 04:56:00.128240898-03:00,2026-07-16 04:59:02.344230186-03:00,2026-07-16 05:15:51.496104414-03:00,2026-07-16 05:20:53.700296532-03:00,2026-07-16 05:46:31.532919828-03:00
ord_010682,2026-07-16 05:08:00-03:00,store_059,pharmacy,zone_0,-34.638546992646404,-58.46924510001008,-34.6153010128636,-58.374000078834364,9.09,2026-07-16 05:10:41.789009004-03:00,2026-07-16 05:12:12.150336114-03:00,2026-07-16 05:35:50.852008908-03:00,2026-07-16 05:37:20.859028836-03:00,2026-07-16 06:13:02.001995034-03:00
ord_011527,2026-07-16 06:53:00-03:00,store_052,pharmacy,zone_7,-34.571307562249785,-58.40446205183895,-34.60243741522738,-58.37487439158755,4.395,2026-07-16 06:54:57.013266708-03:00,2026-07-16 06:56:59.411254326-03:00,2026-07-16 07:07:00.898250574-03:00,2026-07-16 07:08:47.261143704-03:00,2026-07-16 07:28:09.893744214-03:00
ord_004645,2026-07-16 07:32:00-03:00,store_031,food,zone_6,-34.553249026756575,-58.453692762576615,-34.55266776592595,-58.39814978630353,5.087,2026-07-16 07:36:24.885879840-03:00,2026-07-16 07:40:16.961445156-03:00,2026-07-16 07:58:45.513260694-03:00,2026-07-16 08:02:22.908536274-03:00,2026-07-16 08:24:27.149339310-03:00
ord_006394,2026-07-16 07:56:00-03:00,store_025,grocery,zone_2,-34.6305361292148,-58.38680427540933,-34.57259865654124,-58.399771550331984,6.551,2026-07-16 08:00:08.749521198-03:00,2026-07-16 08:03:00.927145500-03:00,2026-07-16 08:25:15.336291510-03:00,2026-07-16 08:25:51.313168260-03:00,2026-07-16 08:53:36.661900638-03:00
ord_001150,2026-07-16 08:25:00-03:00,store_013,grocery,zone_7,-34.56772383867291,-58.430467240607456,-34.582138517863186,-58.38042869865366,4.854,2026-07-16 08:28:37.563420594-03:00,2026-07-16 08:29:40.133411142-03:00,2026-07-16 08:46:33.985107780-03:00,2026-07-16 08:47:29.657767674-03:00,2026-07-16 09:09:43.091985714-03:00
ord_005231,2026-07-16 08:42:00-03:00,store_059,food,zone_0,-34.638546992646404,-58.46924510001008,-34.62668354305902,-58.44768447237038,2.373,2026-07-16 08:46:46.226002302-03:00,2026-07-16 08:48:37.112594112-03:00,2026-07-16 08:59:47.091909900-03:00,2026-07-16 09:10:39.529286472-03:00,2026-07-16 09:21:43.812221159-03:00
ord_011712,2026-07-16 09:43:00-03:00,store_030,food,zone_7,-34.575523784409214,-58.42074908232163,-34.55921398103714,-58.47313561349053,5.128,2026-07-16 09:47:17.293848426-03:00,2026-07-16 09:49:22.636480236-03:00,2026-07-16 10:09:44.471173026-03:00,2026-07-16 10:11:40.555760142-03:00,2026-07-16 10:31:59.249361864-03:00
ord_001372,2026-07-16 10:12:00-03:00,store_041,grocery,zone_7,-34.56673218039421,-58.39551994179787,-34.637305252423076,-58.39331110873405,7.85,2026-07-16 10:15:56.441441748-03:00,2026-07-16 10:18:36.552179916-03:00,2026-07-16 10:39:22.789286064-03:00,2026-07-16 10:40:55.726321704-03:00,2026-07-16 11:08:11.794376447-03:00
ord_000938,2026-07-16 10:42:00-03:00,store_020,food,zone_8,-34.57419122599146,-58.361884510208014,-34.60372715224596,-58.406406985164,5.234,2026-07-16 10:43:06.925380390-03:00,2026-07-16 10:44:55.508613822-03:00,2026-07-16 10:58:37.731535332-03:00,2026-07-16 11:00:39.511162008-03:00,2026-07-16 11:24:18.656711856-03:00
ord_005843,2026-07-16 12:26:00-03:00,store_048,grocery,zone_6,-34.5817504496025,-58.46655761419606,-34.58790865523044,-58.44394055637056,2.181,2026-07-16 12:31:27.731564274-03:00,2026-07-16 12:32:27.276102228-03:00,2026-07-16 12:52:15.396737430-03:00,2026-07-16 12:53:30.348590436-03:00,2026-07-16 13:09:01.708636074-03:00
ord_011966,2026-07-16 12:33:00-03:00,store_068,food,zone_1,-34.646918216543206,-58.42294151016034,-34.593819457248856,-58.391519230889344,6.567,2026-07-16 12:36:00.466057428-03:00,2026-07-16 12:37:21.332208762-03:00,2026-07-16 12:57:04.023363978-03:00,2026-07-16 12:58:45.211828968-03:00,2026-07-16 13:32:01.728696648-03:00
ord_006895,2026-07-16 13:02:00-03:00,store_003,food,zone_6,-34.58026319709406,-58.458293520412,-34.57426499252442,-58.380174428242434,7.183,2026-07-16 13:05:32.803660565-03:00,2026-07-16 13:09:42.618725453-03:00,2026-07-16 13:35:32.316194975-03:00,2026-07-16 13:37:09.405957671-03:00,2026-07-16 14:14:42.425501015-03:00
ord_006627,2026-07-16 14:34:00-03:00,store_039,pharmacy,zone_7,-34.583018600531744,-58.39844985070868,-34.59215243324599,-58.41224822061476,1.621,2026-07-16 14:39:17.169512124-03:00,2026-07-16 14:39:29.169512124-03:00,2026-07-16 14:56:39.728485968-03:00,2026-07-16 14:57:47.555911925-03:00,2026-07-16 15:11:22.898641265-03:00
ord_011913,2026-07-16 17:44:00-03:00,store_079,grocery,zone_8,-34.571610179089355,-58.38007582605071,-34.570874294438305,-58.40896758770123,2.647,2026-07-16 17:45:23.825923746-03:00,2026-07-16 17:48:07.240789788-03:00,2026-07-16 18:03:16.833197754-03:00,2026-07-16 18:04:16.708212246-03:00,2026-07-16 18:14:58.829228706-03:00
ord_001289,2026-07-16 18:39:00-03:00,store_010,food,zone_3,-34.61292019757674,-58.460199426647286,-34.648631851119276,-58.47584184496236,4.221,2026-07-16 18:39:30-03:00,2026-07-16 18:40:42.153474570-03:00,2026-07-16 18:59:03.310162830-03:00,2026-07-16 18:59:44.214333720-03:00,2026-07-16 19:12:34.532888334-03:00
ord_010344,2026-07-16 18:52:00-03:00,store_023,pharmacy,zone_8,-34.56068788786778,-58.354007070944796,-34.63565721991693,-58.38677538898464,8.859,2026-07-16 18:57:07.545949500-03:00,2026-07-16 19:00:05.739604938-03:00,2026-07-16 19:22:11.039933748-03:00,2026-07-16 19:23:14.708439654-03:00,2026-07-16 19:58:17.763807294-03:00
ord_002822,2026-07-16 20:17:00-03:00,store_001,grocery,zone_4,-34.60611215602479,-58.42716970801279,-34.64071556548661,-58.452803229474,4.506,2026-07-16 20:19:59.526530826-03:00,2026-07-16 20:22:35.693969502-03:00,2026-07-16 20:40:50.044032228-03:00,2026-07-16 20:42:31.240844490-03:00,2026-07-16 21:07:57.573712044-03:00
ord_007110,2026-07-16 20:29:00-03:00,store_051,grocery,zone_2,-34.6492637730249,-58.359734384611016,-34.59238842794535,-58.456138295122166,10.854,2026-07-16 20:29:30-03:00,2026-07-16 20:30:38.152102398-03:00,2026-07-16 21:06:07.590209040-03:00,2026-07-16 21:07:42.971024850-03:00,2026-07-16 22:00:45.999286386-03:00
ord_000578,2026-07-16 21:58:00-03:00,store_060,pharmacy,zone_7,-34.583159703820954,-58.41673441699104,-34.59288534610996,-58.35241480813506,5.986,2026-07-16 22:01:30.124725810-03:00,2026-07-16 22:02:24.963081174-03:00,2026-07-16 22:24:11.205219576-03:00,2026-07-16 22:26:08.921150496-03:00,2026-07-16 23:00:40.609162470-03:00
ord_004897,2026-07-16 22:02:00-03:00,store_030,food,zone_7,-34.575523784409214,-58.42074908232163,-34.58266399976731,-58.39060736325712,2.871,2026-07-16 22:06:24.212689740-03:00,2026-07-16 22:08:51.292390308-03:00,2026-07-16 22:21:05.033656524-03:00,2026-07-16 22:30:48.422056218-03:00,2026-07-16 22:42:56.004547716-03:00
ord_005138,2026-07-16 22:28:00-03:00,store_016,food,zone_4,-34.59454152129842,-58.432964360628056,-34.62588002647946,-58.371274239815875,6.635,2026-07-16 22:30:46.574359512-03:00,2026-07-16 22:32:02.529334919-03:00,2026-07-16 22:45:55.137899477-03:00,2026-07-16 23:00:22.908941207-03:00,2026-07-16 23:29:10.208075855-03:00
ord_004472,2026-07-16 22:32:00-03:00,store_073,food,zone_1,-34.62660605141346,-58.407975301339924,-34.6185327894177,-58.46030805354049,4.872,2026-07-16 22:35:24.709426866-03:00,2026-07-16 22:37:56.926271616-03:00,2026-07-16 22:53:39.029294922-03:00,2026-07-16 22:55:32.104538910-03:00,2026-07-16 23:16:01.448850330-03:00
ord_006503,2026-07-16 22:37:00-03:00,store_010,pharmacy,zone_3,-34.61292019757674,-58.460199426647286,-34.64965436356824,-58.3951445370379,7.219,2026-07-16 22:40:56.803195158-03:00,2026-07-16 22:43:55.566089412-03:00,2026-07-16 23:10:44.537319444-03:00,2026-07-16 23:11:47.937450042-03:00,2026-07-16 23:41:02.122887138-03:00
ord_000719,2026-07-16 22:52:00-03:00,store_072,grocery,zone_6,-34.56465969267318,-58.46176761843018,-34.581053228932944,-58.39506580889698,6.373,2026-07-16 22:54:09.908710422-03:00,2026-07-16 22:57:27.930127578-03:00,2026-07-16 23:19:10.857230538-03:00,2026-07-16 23:20:56.669366796-03:00,2026-07-16 23:51:48.846031086-03:00
ord_007105,2026-07-16 23:12:00-03:00,store_052,grocery,zone_7,-34.571307562249785,-58.40446205183895,-34.59393365716967,-58.43378270884694,3.679,2026-07-16 23:14:25.383468624-03:00,2026-07-16 23:15:31.957858152-03:00,2026-07-16 23:34:46.041355692-03:00,2026-07-16 23:36:05.806359036-03:00,2026-07-16 23:54:03.460434072-03:00
ord_002865,2026-07-16 23:25:00-03:00,store_075,grocery,zone_2,-34.6218616107978,-58.39260878790483,-34.58771576790953,-58.39388124185409,3.799,2026-07-16 23:29:02.861783106-03:00,2026-07-16 23:30:01.811853924-03:00,2026-07-16 23:44:07.541301318-03:00,2026-07-16 23:47:23.324776614-03:00,2026-07-17 00:04:42.009411630-03:00
ord_003218,2026-07-17 00:26:00-03:00,store_075,food,zone_2,-34.6218616107978,-58.39260878790483,-34.64133884556917,-58.36092669092651,3.618,2026-07-17 00:26:36.881988258-03:00,2026-07-17 00:28:35.438638260-03:00,2026-07-17 00:41:54.077385840-03:00,2026-07-17 01:00:33.190797480-03:00,2026-07-17 01:14:18.974178300-03:00
ord_010462,2026-07-17 00:28:00-03:00,store_073,food,zone_1,-34.62660605141346,-58.407975301339924,-34.60346937387405,-58.40464569299992,2.591,2026-07-17 00:30:33.032255052-03:00,2026-07-17 00:31:36.363026838-03:00,2026-07-17 00:49:08.366802041-03:00,2026-07-17 00:52:19.923737292-03:00,2026-07-17 01:09:36.144594930-03:00
ord_001926,2026-07-17 02:31:00-03:00,store_074,food,zone_0,-34.64416972583109,-58.46588515365239,-34.641661378963335,-58.45484712702711,1.048,2026-07-17 02:33:45.251791068-03:00,2026-07-17 02:35:15.978741348-03:00,2026-07-17 02:40:46.426008348-03:00,2026-07-17 02:52:15.183095694-03:00,2026-07-17 02:57:34.578834618-03:00
ord_011420,2026-07-17 02:41:00-03:00,store_066,grocery,zone_3,-34.59407928392546,-58.436896030345466,-34.55437175869229,-58.377668120298544,6.993,2026-07-17 02:43:37.833447396-03:00,2026-07-17 02:44:42.159132534-03:00,2026-07-17 03:07:45.838688694-03:00,2026-07-17 03:08:49.038255852-03:00,2026-07-17 03:38:50.314266282-03:00
ord_007871,2026-07-17 02:59:00-03:00,store_052,food,zone_7,-34.571307562249785,-58.40446205183895,-34.57540755882135,-58.412144035908135,0.838,2026-07-17 02:59:48.701269266-03:00,2026-07-17 03:01:54.127469346-03:00,2026-07-17 03:16:00.313667760-03:00,2026-07-17 03:17:00.467173722-03:00,2026-07-17 03:24:46.040739564-03:00
ord_007368,2026-07-17 04:06:00-03:00,store_059,food,zone_0,-34.638546992646404,-58.46924510001008,-34.59441424089368,-58.386277045125674,9.04,2026-07-17 04:11:12.356797068-03:00,2026-07-17 04:12:48.804863112-03:00,2026-07-17 04:37:23.952065148-03:00,2026-07-17 04:38:17.630756172-03:00,2026-07-17 05:13:47.115727014-03:00
ord_000951,2026-07-17 05:44:00-03:00,store_052,grocery,zone_7,-34.571307562249785,-58.40446205183895,-34.57123333033621,-58.42142102030422,1.553,2026-07-17 05:44:55.307857518-03:00,2026-07-17 05:47:03.776103258-03:00,2026-07-17 06:03:31.678615830-03:00,2026-07-17 06:05:24.388926324-03:00,2026-07-17 06:16:24.239096394-03:00
ord_003223,2026-07-17 06:26:00-03:00,store_067,food,zone_1,-34.619604990193736,-58.4123125876787,-34.59554983233979,-58.394224292380294,3.146,2026-07-17 06:30:13.701605778-03:00,2026-07-17 06:32:40.689624666-03:00,2026-07-17 06:45:25.334181606-03:00,2026-07-17 06:54:41.159238870-03:00,2026-07-17 07:07:13.661397540-03:00
ord_003109,2026-07-17 06:39:00-03:00,store_023,food,zone_8,-34.56068788786778,-58.354007070944796,-34.64489263826897,-58.36322978862384,9.401,2026-07-17 06:42:43.115364372-03:00,2026-07-17 06:44:51.447617556-03:00,2026-07-17 07:08:46.255581378-03:00,2026-07-17 07:09:04.255581378-03:00,2026-07-17 07:42:44.414782674-03:00
ord_009174,2026-07-17 07:47:00-03:00,store_014,grocery,zone_3,-34.605658580117264,-58.440803428410774,-34.64276857282201,-58.40616398870887,5.203,2026-07-17 07:51:11.051394276-03:00,2026-07-17 07:53:21.854941896-03:00,2026-07-17 08:10:02.857118304-03:00,2026-07-17 08:10:45.868391538-03:00,2026-07-17 08:31:23.229026010-03:00
ord_006898,2026-07-17 08:42:00-03:00,store_049,food,zone_1,-34.63602475163907,-58.403606205616896,-34.56156388090099,-58.476164279193206,10.614,2026-07-17 08:44:25.384301064-03:00,2026-07-17 08:46:15.388690806-03:00,2026-07-17 09:17:41.335535004-03:00,2026-07-17 09:19:41.632381680-03:00,2026-07-17 10:01:32.008366206-03:00
ord_008705,2026-07-17 11:26:00-03:00,store_078,grocery,zone_5,-34.59429678476587,-58.385490700142704,-34.61021532753904,-58.42386167854737,3.933,2026-07-17 11:31:44.641602090-03:00,2026-07-17 11:34:46.522768062-03:00,2026-07-17 11:52:07.758854250-03:00,2026-07-17 11:53:25.949882190-03:00,2026-07-17 12:14:43.635637962-03:00
ord_007783,2026-07-17 12:12:00-03:00,store_040,food,zone_4,-34.60628480811277,-58.404067264041345,-34.63128985438547,-58.419057855755426,3.1,2026-07-17 12:15:30.445192421-03:00,2026-07-17 12:17:00.833096549-03:00,2026-07-17 12:37:00.099254171-03:00,2026-07-17 12:40:10.664758559-03:00,2026-07-17 13:01:23.982306389-03:00
ord_011082,2026-07-17 12:38:00-03:00,store_041,food,zone_7,-34.56673218039421,-58.39551994179787,-34.55546546211671,-58.41415047964144,2.117,2026-07-17 12:41:15.234506946-03:00,2026-07-17 12:42:09.582465042-03:00,2026-07-17 12:54:21.522244230-03:00,2026-07-17 12:55:57.824185122-03:00,2026-07-17 13:14:29.025111618-03:00
ord_000412,2026-07-17 13:02:00-03:00,store_005,food,zone_6,-34.55243776483632,-58.46829377809917,-34.614469537010876,-58.479737214774744,6.977,2026-07-17 13:04:59.899243128-03:00,2026-07-17 13:05:11.899243128-03:00,2026-07-17 13:39:49.333109826-03:00,2026-07-17 13:42:06.297934116-03:00,2026-07-17 14:15:29.576915610-03:00
ord_008902,2026-07-17 13:37:00-03:00,store_034,food,zone_3,-34.603044418872415,-58.4570195382179,-34.60898758954296,-58.3719905131979,7.81,2026-07-17 13:38:46.548008784-03:00,2026-07-17 13:39:56.894702160-03:00,2026-07-17 14:04:43.347703644-03:00,2026-07-17 14:25:24.508286472-03:00,2026-07-17 15:04:33.049470192-03:00
ord_004031,2026-07-17 14:09:00-03:00,store_004,food,zone_0,-34.640582265211236,-58.4770474304926,-34.63971766009305,-58.37942189315367,8.932,2026-07-17 14:11:41.107863204-03:00,2026-07-17 14:14:28.112464056-03:00,2026-07-17 14:42:31.422420594-03:00,2026-07-17 14:42:51.892587672-03:00,2026-07-17 15:24:08.430081708-03:00
ord_009236,2026-07-17 14:19:00-03:00,store_009,food,zone_4,-34.60496140621044,-58.41486417923656,-34.63297700077716,-58.39172797209421,3.767,2026-07-17 14:21:27.676391208-03:00,2026-07-17 14:24:34.523557860-03:00,2026-07-17 14:40:22.673895354-03:00,2026-07-17 14:47:15.361158204-03:00,2026-07-17 15:10:50.842090668-03:00
ord_000414,2026-07-17 16:17:00-03:00,store_000,pharmacy,zone_7,-34.5726043951444,-58.39363923975744,-34.577754196771046,-58.377496369753096,1.585,2026-07-17 16:21:57.449039580-03:00,2026-07-17 16:24:00.036036888-03:00,2026-07-17 16:38:01.695510954-03:00,2026-07-17 16:41:37.036866042-03:00,2026-07-17 16:47:03.696239130-03:00
ord_010918,2026-07-17 17:03:00-03:00,store_066,grocery,zone_3,-34.59407928392546,-58.436896030345466,-34.592600775214756,-58.41659964108811,1.865,2026-07-17 17:08:18.798893196-03:00,2026-07-17 17:10:50.161825350-03:00,2026-07-17 17:19:56.559903900-03:00,2026-07-17 17:21:48.986137212-03:00,2026-07-17 17:34:44.905756152-03:00
ord_010705,2026-07-17 18:02:00-03:00,store_050,food,zone_0,-34.630009179752484,-58.4578229140902,-34.621241011762265,-58.42793462848165,2.903,2026-07-17 18:04:21.751639260-03:00,2026-07-17 18:06:54.821410926-03:00,2026-07-17 18:16:04.196368644-03:00,2026-07-17 18:31:45.182713368-03:00,2026-07-17 18:50:55.228135698-03:00
ord_000141,2026-07-17 18:37:00-03:00,store_029,food,zone_8,-34.58169510467575,-58.3626616884493,-34.56666786221854,-58.468365447447745,9.821,2026-07-17 18:41:41.310256194-03:00,2026-07-17 18:44:54.144377346-03:00,2026-07-17 19:11:20.866966608-03:00,2026-07-17 19:11:52.565998229-03:00,2026-07-17 19:48:46.014791567-03:00
ord_010250,2026-07-17 19:01:00-03:00,store_003,grocery,zone_6,-34.58026319709406,-58.458293520412,-34.623262558234956,-58.3524250652175,10.805,2026-07-17 19:03:17.507594070-03:00,2026-07-17 19:04:08.632620174-03:00,2026-07-17 19:45:28.680137028-03:00,2026-07-17 19:47:18.008254656-03:00,2026-07-17 20:42:59.120713134-03:00
ord_009842,2026-07-17 21:11:00-03:00,store_048,food,zone_6,-34.5817504496025,-58.46655761419606,-34.585132060413194,-58.45216909629089,1.37,2026-07-17 21:14:41.455034460-03:00,2026-07-17 21:16:02.976625938-03:00,2026-07-17 21:29:08.531153916-03:00,2026-07-17 21:45:05.585893962-03:00,2026-07-17 21:55:37.580275266-03:00
ord_004511,2026-07-17 23:11:00-03:00,store_065,grocery,zone_3,-34.594642059934195,-58.44529316379805,-34.61863478284076,-58.414698714337305,3.868,2026-07-17 23:14:00.439067814-03:00,2026-07-17 23:17:06.259800366-03:00,2026-07-17 23:32:16.557121584-03:00,2026-07-17 23:33:27.288533268-03:00,2026-07-17 23:53:12.341387784-03:00
ord_005936,2026-07-18 00:34:00-03:00,store_013,food,zone_7,-34.56772383867291,-58.430467240607456,-34.5892947260837,-58.446631158254405,2.818,2026-07-18 00:38:08.912843382-03:00,2026-07-18 00:40:08.514414540-03:00,2026-07-18 00:50:44.523681126-03:00,2026-07-18 01:04:31.827950556-03:00,2026-07-18 01:16:37.244607726-03:00
ord_000032,2026-07-18 01:23:00-03:00,store_038,grocery,zone_1,-34.62730906509491,-58.42382790482924,-34.55709427461439,-58.352643542910364,10.169,2026-07-18 01:26:21.302329110-03:00,2026-07-18 01:29:56.419675608-03:00,2026-07-18 02:05:55.752461544-03:00,2026-07-18 02:07:07.320753408-03:00,2026-07-18 02:44:42.520314684-03:00
ord_004620,2026-07-18 01:24:00-03:00,store_060,food,zone_7,-34.583159703820954,-58.41673441699104,-34.61128385308257,-58.40077193207328,3.452,2026-07-18 01:26:01.802837220-03:00,2026-07-18 01:30:01.911268962-03:00,2026-07-18 01:44:38.123038446-03:00,2026-07-18 02:02:19.346439324-03:00,2026-07-18 02:20:33.725529540-03:00
ord_003052,2026-07-18 02:32:00-03:00,store_042,food,zone_6,-34.57997348979977,-58.46902223825181,-34.57934152738813,-58.369417050455496,9.119,2026-07-18 02:35:19.849081230-03:00,2026-07-18 02:37:15.391539768-03:00,2026-07-18 03:03:32.459366700-03:00,2026-07-18 03:04:54.919464156-03:00,2026-07-18 03:39:30.497976240-03:00
ord_003785,2026-07-18 03:02:00-03:00,store_042,pharmacy,zone_6,-34.57997348979977,-58.46902223825181,-34.59936032924382,-58.474845339349955,2.221,2026-07-18 03:06:47.262266622-03:00,2026-07-18 03:09:00.193247328-03:00,2026-07-18 03:17:32.680343874-03:00,2026-07-18 03:19:13.473803706-03:00,2026-07-18 03:32:01.523777496-03:00
ord_011788,2026-07-18 03:34:00-03:00,store_052,pharmacy,zone_7,-34.571307562249785,-58.40446205183895,-34.6148159678537,-58.42780367256636,5.289,2026-07-18 03:35:32.491834878-03:00,2026-07-18 03:36:37.461813444-03:00,2026-07-18 03:53:52.546260174-03:00,2026-07-18 03:55:05.210928522-03:00,2026-07-18 04:15:53.596870878-03:00
ord_002750,2026-07-18 04:49:00-03:00,store_029,food,zone_8,-34.58169510467575,-58.3626616884493,-34.590403987273795,-58.367445374173,1.063,2026-07-18 04:54:35.680693572-03:00,2026-07-18 04:55:33.025903728-03:00,2026-07-18 05:08:24.035088114-03:00,2026-07-18 05:10:19.364867052-03:00,2026-07-18 05:22:02.876878086-03:00
ord_000885,2026-07-18 07:04:00-03:00,store_027,pharmacy,zone_0,-34.645619623421275,-58.44460859696013,-34.56129279653486,-58.422097770442605,9.6,2026-07-18 07:07:36.309797754-03:00,2026-07-18 07:09:00.690893904-03:00,2026-07-18 07:39:31.481578931-03:00,2026-07-18 07:40:59.890356167-03:00,2026-07-18 08:18:37.964787665-03:00
ord_003870,2026-07-18 07:26:00-03:00,store_077,pharmacy,zone_4,-34.583808348527306,-58.394275057490056,-34.568463655473685,-58.4745790196993,7.548,2026-07-18 07:29:12.571379442-03:00,2026-07-18 07:30:26.271972342-03:00,2026-07-18 07:52:12.147206580-03:00,2026-07-18 07:53:34.576805376-03:00,2026-07-18 08:22:54.080372112-03:00
ord_011897,2026-07-18 08:20:00-03:00,store_010,grocery,zone_3,-34.61292019757674,-58.460199426647286,-34.57606109539073,-58.47039846955465,4.204,2026-07-18 08:22:47.488106916-03:00,2026-07-18 08:23:56.188033140-03:00,2026-07-18 08:37:21.839518350-03:00,2026-07-18 08:41:28.748020674-03:00,2026-07-18 08:58:56.015159730-03:00
ord_008416,2026-07-18 10:37:00-03:00,store_045,food,zone_7,-34.56952356425032,-58.41578119349821,-34.55525892913074,-58.46271794193066,4.581,2026-07-18 10:40:35.116301100-03:00,2026-07-18 10:42:57.714507894-03:00,2026-07-18 10:58:47.587918674-03:00,2026-07-18 11:02:57.466213578-03:00,2026-07-18 11:19:57.339896640-03:00
ord_008328,2026-07-18 13:57:00-03:00,store_038,food,zone_1,-34.62730906509491,-58.42382790482924,-34.58179943284926,-58.42605537579603,5.065,2026-07-18 13:59:43.588329738-03:00,2026-07-18 13:59:55.588329738-03:00,2026-07-18 14:15:14.044219518-03:00,2026-07-18 14:28:45.154538538-03:00,2026-07-18 14:56:43.899832530-03:00
ord_005297,2026-07-18 14:01:00-03:00,store_078,grocery,zone_5,-34.59429678476587,-58.385490700142704,-34.63904213436993,-58.41091448961327,5.493,2026-07-18 14:04:30.811052442-03:00,2026-07-18 14:06:39.330837030-03:00,2026-07-18 14:27:14.868473220-03:00,2026-07-18 14:29:24.215302656-03:00,2026-07-18 15:05:49.000631160-03:00
ord_010524,2026-07-18 15:16:00-03:00,store_042,grocery,zone_6,-34.57997348979977,-58.46902223825181,-34.595367336590165,-58.37324068508069,8.934,2026-07-18 15:18:01.021512216-03:00,2026-07-18 15:21:06.475539150-03:00,2026-07-18 15:41:15.517873074-03:00,2026-07-18 15:42:02.442407976-03:00,2026-07-18 16:22:08.772647196-03:00
ord_003376,2026-07-18 15:30:00-03:00,store_019,grocery,zone_5,-34.58683356008779,-58.35495330360857,-34.61320079270084,-58.423059317201314,6.889,2026-07-18 15:31:57.024704964-03:00,2026-07-18 15:33:53.262294108-03:00,2026-07-18 15:57:01.302839057-03:00,2026-07-18 15:58:30.262383467-03:00,2026-07-18 16:21:56.552100989-03:00
ord_005039,2026-07-18 16:09:00-03:00,store_008,food,zone_0,-34.637188636732446,-58.45903466872563,-34.63017200623599,-58.36147464779768,8.96,2026-07-18 16:12:20.695657998-03:00,2026-07-18 16:15:07.936812990-03:00,2026-07-18 16:36:42.011102724-03:00,2026-07-18 16:39:58.813377102-03:00,2026-07-18 17:15:08.537140434-03:00
ord_004315,2026-07-18 16:10:00-03:00,store_047,grocery,zone_0,-34.62116718960697,-58.46121185544741,-34.617776256078415,-58.368066216209044,8.532,2026-07-18 16:15:16.302578022-03:00,2026-07-18 16:17:42.038139402-03:00,2026-07-18 16:44:07.517568654-03:00,2026-07-18 16:45:55.999934892-03:00,2026-07-18 17:19:23.537771838-03:00
ord_004105,2026-07-18 16:42:00-03:00,store_003,food,zone_6,-34.58026319709406,-58.458293520412,-34.56127724703599,-58.40894696392938,4.987,2026-07-18 16:46:08.316424073-03:00,2026-07-18 16:47:43.496440301-03:00,2026-07-18 17:05:25.408496231-03:00,2026-07-18 17:06:50.846289335-03:00,2026-07-18 17:29:57.591328847-03:00
ord_009292,2026-07-18 17:49:00-03:00,store_051,food,zone_2,-34.6492637730249,-58.359734384611016,-34.57534749880243,-58.36900759404622,8.263,2026-07-18 17:51:57.698865042-03:00,2026-07-18 17:54:01.726491150-03:00,2026-07-18 18:15:10.662785220-03:00,2026-07-18 18:16:14.411688042-03:00,2026-07-18 18:48:34.647819684-03:00
ord_007484,2026-07-18 19:57:00-03:00,store_017,grocery,zone_0,-34.64361827438958,-58.468605510488906,-34.56658277870464,-58.45836423627339,8.617,2026-07-18 20:01:09.404589132-03:00,2026-07-18 20:03:08.174818560-03:00,2026-07-18 20:37:01.997707200-03:00,2026-07-18 20:37:39.600667416-03:00,2026-07-18 21:19:27.644501592-03:00
ord_006479,2026-07-18 20:01:00-03:00,store_067,food,zone_1,-34.619604990193736,-58.4123125876787,-34.61780912240583,-58.37922449883999,3.034,2026-07-18 20:02:43.107206154-03:00,2026-07-18 20:04:37.152014910-03:00,2026-07-18 20:16:04.181544432-03:00,2026-07-18 20:16:56.956978998-03:00,2026-07-18 20:36:00.488047212-03:00
ord_003950,2026-07-18 20:36:00-03:00,store_052,food,zone_7,-34.571307562249785,-58.40446205183895,-34.58377638615613,-58.45024506173737,4.415,2026-07-18 20:39:56.529555330-03:00,2026-07-18 20:42:53.577897618-03:00,2026-07-18 21:04:28.599199050-03:00,2026-07-18 21:18:13.856888430-03:00,2026-07-18 21:41:37.065958200-03:00
ord_011639,2026-07-18 21:15:00-03:00,store_012,food,zone_4,-34.58561348799193,-58.421999684175375,-34.6296290284459,-58.39765908489123,5.377,2026-07-18 21:18:58.773788796-03:00,2026-07-18 21:21:22.979790288-03:00,2026-07-18 21:41:33.048637500-03:00,2026-07-18 22:03:29.938109994-03:00,2026-07-18 22:29:20.739706176-03:00
ord_005513,2026-07-18 21:37:00-03:00,store_007,pharmacy,zone_7,-34.5713935694723,-58.41995596006732,-34.58295035892162,-58.363809281663016,5.299,2026-07-18 21:38:14.521514826-03:00,2026-07-18 21:40:39.476030262-03:00,2026-07-18 22:08:37.685330142-03:00,2026-07-18 22:09:57.527363496-03:00,2026-07-18 22:40:44.750657436-03:00
ord_007598,2026-07-18 22:22:00-03:00,store_055,grocery,zone_6,-34.5719270968978,-58.477035496766135,-34.605490075377304,-58.396082277158165,8.297,2026-07-18 22:27:14.457146976-03:00,2026-07-18 22:30:02.709866886-03:00,2026-07-18 22:53:38.440360908-03:00,2026-07-18 22:54:55.891718250-03:00,2026-07-18 23:28:36.938152572-03:00
ord_002468,2026-07-19 00:25:00-03:00,store_022,food,zone_6,-34.55293019756051,-58.44543690501026,-34.551880070156066,-58.40168968886442,4.008,2026-07-19 00:25:30-03:00,2026-07-19 00:28:24.400361898-03:00,2026-07-19 00:42:21.594193776-03:00,2026-07-19 00:58:11.854527948-03:00,2026-07-19 01:17:33.504070908-03:00
ord_006720,2026-07-19 00:54:00-03:00,store_078,grocery,zone_5,-34.59429678476587,-58.385490700142704,-34.5720621116221,-58.40792333250337,3.214,2026-07-19 00:55:06.318453930-03:00,2026-07-19 00:56:57.536221074-03:00,2026-07-19 01:09:46.033012770-03:00,2026-07-19 01:10:46.330559256-03:00,2026-07-19 01:27:20.097430913-03:00
ord_011999,2026-07-19 03:14:00-03:00,store_002,food,zone_8,-34.56414020800886,-58.37417734999342,-34.64048539234122,-58.36418326625511,8.538,2026-07-19 03:17:53.998340784-03:00,2026-07-19 03:20:07.818197304-03:00,2026-07-19 03:39:06.565573146-03:00,2026-07-19 03:40:13.586262396-03:00,2026-07-19 04:12:46.269778920-03:00
ord_006902,2026-07-19 03:29:00-03:00,store_019,food,zone_5,-34.58683356008779,-58.35495330360857,-34.57142209876392,-58.378318563465285,2.741,2026-07-19 03:33:59.463854862-03:00,2026-07-19 03:36:48.606051276-03:00,2026-07-19 03:46:42.630703698-03:00,2026-07-19 04:11:27.767654742-03:00,2026-07-19 04:27:45.704875368-03:00
ord_006072,2026-07-19 04:11:00-03:00,store_076,food,zone_0,-34.62064062422333,-58.443439608100924,-34.641991267845626,-58.463458352396465,2.999,2026-07-19 04:13:15.781588295-03:00,2026-07-19 04:15:39.729598493-03:00,2026-07-19 04:30:25.337331749-03:00,2026-07-19 04:33:12.898013939-03:00,2026-07-19 04:50:56.253790289-03:00
ord_001103,2026-07-19 06:15:00-03:00,store_002,food,zone_8,-34.56414020800886,-58.37417734999342,-34.61323203857468,-58.383361151034734,5.523,2026-07-19 06:20:39.601139178-03:00,2026-07-19 06:21:41.903019708-03:00,2026-07-19 06:36:42.775856754-03:00,2026-07-19 06:40:58.889367912-03:00,2026-07-19 07:05:58.917818118-03:00
ord_005804,2026-07-19 06:38:00-03:00,store_032,food,zone_0,-34.61741746418618,-58.44022563886041,-34.588134334503096,-58.434309220809936,3.301,2026-07-19 06:41:21.414956292-03:00,2026-07-19 06:42:51.059340210-03:00,2026-07-19 06:56:48.185591328-03:00,2026-07-19 07:37:50.594683416-03:00,2026-07-19 07:55:53.070707478-03:00
ord_000859,2026-07-19 07:01:00-03:00,store_079,grocery,zone_8,-34.571610179089355,-58.38007582605071,-34.58172929845653,-58.42402150799802,4.178,2026-07-19 07:03:46.209998112-03:00,2026-07-19 07:05:25.635786606-03:00,2026-07-19 07:21:20.488371036-03:00,2026-07-19 07:22:45.027796410-03:00,2026-07-19 07:45:14.661543018-03:00
ord_005028,2026-07-19 08:07:00-03:00,store_040,food,zone_4,-34.60628480811277,-58.404067264041345,-34.590265994263895,-58.44481352113476,4.133,2026-07-19 08:11:15.586447776-03:00,2026-07-19 08:14:42.337733118-03:00,2026-07-19 08:33:27.349715262-03:00,2026-07-19 08:36:23.759177400-03:00,2026-07-19 08:53:33.555448644-03:00
ord_003622,2026-07-19 08:46:00-03:00,store_040,food,zone_4,-34.60628480811277,-58.404067264041345,-34.55922608601596,-58.367487509883205,6.213,2026-07-19 08:50:28.651265604-03:00,2026-07-19 08:54:02.511748002-03:00,2026-07-19 09:13:10.926484044-03:00,2026-07-19 09:15:51.233671956-03:00,2026-07-19 09:41:23.962911084-03:00
ord_000458,2026-07-19 09:09:00-03:00,store_010,grocery,zone_3,-34.61292019757674,-58.460199426647286,-34.61704679938891,-58.46882542143361,0.913,2026-07-19 09:13:58.131137238-03:00,2026-07-19 09:16:01.122378240-03:00,2026-07-19 09:24:37.874277972-03:00,2026-07-19 09:27:04.611267852-03:00,2026-07-19 09:33:36.962198916-03:00
ord_008059,2026-07-19 09:43:00-03:00,store_064,grocery,zone_4,-34.58652816799994,-58.418446377862594,-34.55707686144121,-58.47470838324466,6.104,2026-07-19 09:45:11.649768150-03:00,2026-07-19 09:46:45.806425596-03:00,2026-07-19 10:04:09.245192706-03:00,2026-07-19 10:06:24.265495650-03:00,2026-07-19 10:28:20.612913858-03:00
ord_006530,2026-07-19 10:17:00-03:00,store_048,food,zone_6,-34.5817504496025,-58.46655761419606,-34.555387506398766,-58.46823776777382,2.935,2026-07-19 10:19:48.601856400-03:00,2026-07-19 10:20:17.982220602-03:00,2026-07-19 10:36:21.496498260-03:00,2026-07-19 10:54:49.551753042-03:00,2026-07-19 11:12:00.660220362-03:00
ord_000498,2026-07-19 11:43:00-03:00,store_046,food,zone_3,-34.61125216209698,-58.43711804239673,-34.64902353273991,-58.4351764322896,4.204,2026-07-19 11:45:33.278610708-03:00,2026-07-19 11:48:08.594770230-03:00,2026-07-19 12:02:17.741392146-03:00,2026-07-19 12:17:24.349573986-03:00,2026-07-19 12:35:52.415408088-03:00
ord_008407,2026-07-19 12:18:00-03:00,store_030,grocery,zone_7,-34.575523784409214,-58.42074908232163,-34.5843281239139,-58.43807217938799,1.864,2026-07-19 12:22:00.959664876-03:00,2026-07-19 12:24:26.259032448-03:00,2026-07-19 12:37:23.809983414-03:00,2026-07-19 12:38:11.633219844-03:00,2026-07-19 12:52:04.361616990-03:00
ord_009773,2026-07-19 13:35:00-03:00,store_078,food,zone_5,-34.59429678476587,-58.385490700142704,-34.60670924057453,-58.398765932900616,1.839,2026-07-19 13:42:02.788176054-03:00,2026-07-19 13:43:24.522098856-03:00,2026-07-19 13:57:26.090063988-03:00,2026-07-19 14:02:17.948404986-03:00,2026-07-19 14:22:19.031460858-03:00
ord_008060,2026-07-19 17:55:00-03:00,store_056,food,zone_5,-34.60410842244617,-58.355387302278615,-34.56336802990648,-58.467180488768136,11.192,2026-07-19 18:00:26.617115754-03:00,2026-07-19 18:02:51.768945438-03:00,2026-07-19 18:29:42.566086374-03:00,2026-07-19 18:30:46.060744314-03:00,2026-07-19 19:09:11.707618398-03:00
ord_001664,2026-07-19 18:11:00-03:00,store_026,grocery,zone_4,-34.603327899627295,-58.421583004721306,-34.60454818721646,-58.45201648410087,2.789,2026-07-19 18:15:52.557696450-03:00,2026-07-19 18:17:57.167737524-03:00,2026-07-19 18:34:36.446305386-03:00,2026-07-19 18:35:47.039470284-03:00,2026-07-19 18:47:53.822043540-03:00
ord_004667,2026-07-19 18:50:00-03:00,store_055,grocery,zone_6,-34.5719270968978,-58.477035496766135,-34.63798418784749,-58.36137017159803,12.0,2026-07-19 18:53:22.129596342-03:00,2026-07-19 18:55:30.384297480-03:00,2026-07-19 19:28:23.974280298-03:00,2026-07-19 19:30:12.593439144-03:00,2026-07-19 20:11:52.397906244-03:00
ord_001597,2026-07-19 18:59:00-03:00,store_053,pharmacy,zone_4,-34.583514914340796,-58.434906925410466,-34.57625538179457,-58.42930466521339,0.956,2026-07-19 19:02:52.613429184-03:00,2026-07-19 19:05:18.378377106-03:00,2026-07-19 19:20:38.406375294-03:00,2026-07-19 19:21:53.529936827-03:00,2026-07-19 19:31:50.491848011-03:00
ord_004323,2026-07-19 19:29:00-03:00,store_064,food,zone_4,-34.58652816799994,-58.418446377862594,-34.56812723589252,-58.35628083922998,6.048,2026-07-19 19:32:22.827397776-03:00,2026-07-19 19:33:34.469918388-03:00,2026-07-19 20:03:38.485271502-03:00,2026-07-19 20:10:32.041652682-03:00,2026-07-19 20:48:08.650438026-03:00
ord_001306,2026-07-19 19:57:00-03:00,store_027,food,zone_0,-34.645619623421275,-58.44460859696013,-34.61537905458515,-58.44813175145017,3.378,2026-07-19 20:00:37.984680234-03:00,2026-07-19 20:02:29.699965722-03:00,2026-07-19 20:27:59.517281916-03:00,2026-07-19 20:28:50.668794714-03:00,2026-07-19 20:48:45.730518744-03:00
ord_000187,2026-07-19 19:59:00-03:00,store_007,food,zone_7,-34.5713935694723,-58.41995596006732,-34.60607111963378,-58.41595398207485,3.873,2026-07-19 20:00:25.240189626-03:00,2026-07-19 20:00:37.240189626-03:00,2026-07-19 20:18:53.862182058-03:00,2026-07-19 20:50:10.147722504-03:00,2026-07-19 21:16:05.165346048-03:00
ord_008372,2026-07-19 20:14:00-03:00,store_022,food,zone_6,-34.55293019756051,-58.44543690501026,-34.58749810621953,-58.35273651749159,9.318,2026-07-19 20:17:38.599710774-03:00,2026-07-19 20:22:01.604204940-03:00,2026-07-19 20:58:00.905554746-03:00,2026-07-19 21:02:11.937657078-03:00,2026-07-19 21:53:23.592748152-03:00
ord_002496,2026-07-19 21:41:00-03:00,store_064,grocery,zone_4,-34.58652816799994,-58.418446377862594,-34.56550817614041,-58.368041013387874,5.173,2026-07-19 21:43:14.551641594-03:00,2026-07-19 21:46:02.170726320-03:00,2026-07-19 22:14:58.787275398-03:00,2026-07-19 22:16:30.252544626-03:00,2026-07-19 22:45:29.924079684-03:00
ord_003248,2026-07-19 23:27:00-03:00,store_025,pharmacy,zone_2,-34.6305361292148,-58.38680427540933,-34.57250300508935,-58.458294157604826,9.19,2026-07-19 23:28:45.981686844-03:00,2026-07-19 23:29:46.300345368-03:00,2026-07-19 23:53:17.542507860-03:00,2026-07-19 23:54:19.864615212-03:00,2026-07-20 00:32:02.276825088-03:00
ord_009784,2026-07-19 23:53:00-03:00,store_077,pharmacy,zone_4,-34.583808348527306,-58.394275057490056,-34.57125170878326,-58.450580744690605,5.341,2026-07-19 23:55:03.595826466-03:00,2026-07-19 23:58:07.917469494-03:00,2026-07-20 00:20:01.063624554-03:00,2026-07-20 00:21:44.973372240-03:00,2026-07-20 00:40:49.604214054-03:00
ord_002293,2026-07-20 00:45:00-03:00,store_003,food,zone_6,-34.58026319709406,-58.458293520412,-34.614384095365416,-58.44597807092907,3.958,2026-07-20 00:46:28.057665414-03:00,2026-07-20 00:48:16.205956224-03:00,2026-07-20 01:00:50.649311430-03:00,2026-07-20 01:16:42.858741288-03:00,2026-07-20 01:38:10.059913476-03:00
ord_006938,2026-07-20 01:07:00-03:00,store_076,pharmacy,zone_0,-34.62064062422333,-58.443439608100924,-34.64562981839971,-58.35287868194828,8.739,2026-07-20 01:09:54.291538668-03:00,2026-07-20 01:10:47.526284934-03:00,2026-07-20 01:34:10.303987914-03:00,2026-07-20 01:35:37.705931514-03:00,2026-07-20 02:07:15.912267486-03:00
ord_000529,2026-07-20 01:25:00-03:00,store_066,food,zone_3,-34.59407928392546,-58.436896030345466,-34.572141952945486,-58.36671216384052,6.873,2026-07-20 01:26:39.809496498-03:00,2026-07-20 01:28:25.961687586-03:00,2026-07-20 01:50:14.752715892-03:00,2026-07-20 01:52:06.939952560-03:00,2026-07-20 02:17:30.583784202-03:00
ord_007676,2026-07-20 03:09:00-03:00,store_026,pharmacy,zone_4,-34.603327899627295,-58.421583004721306,-34.64782278793714,-58.42752222560813,4.977,2026-07-20 03:12:52.696910802-03:00,2026-07-20 03:14:41.439400386-03:00,2026-07-20 03:34:02.096325144-03:00,2026-07-20 03:35:35.778187794-03:00,2026-07-20 03:57:35.581919562-03:00
ord_003315,2026-07-20 03:11:00-03:00,store_046,food,zone_3,-34.61125216209698,-58.43711804239673,-34.60486177167934,-58.39742681416663,3.701,2026-07-20 03:13:49.159885560-03:00,2026-07-20 03:15:54.292104984-03:00,2026-07-20 03:25:56.629193346-03:00,2026-07-20 03:36:05.195915532-03:00,2026-07-20 03:53:33.878882676-03:00
ord_006363,2026-07-20 04:21:00-03:00,store_012,grocery,zone_4,-34.58561348799193,-58.421999684175375,-34.56074203645097,-58.45431186886134,4.05,2026-07-20 04:24:36.317915418-03:00,2026-07-20 04:26:37.537432956-03:00,2026-07-20 04:41:28.917515796-03:00,2026-07-20 04:42:09.489285954-03:00,2026-07-20 04:58:48.090099924-03:00
ord_005289,2026-07-20 04:47:00-03:00,store_075,food,zone_2,-34.6218616107978,-58.39260878790483,-34.64499660500308,-58.388366641883756,2.602,2026-07-20 04:49:29.669788878-03:00,2026-07-20 04:51:20.100516840-03:00,2026-07-20 05:02:29.224161396-03:00,2026-07-20 05:11:24.367768584-03:00,2026-07-20 05:26:31.419401040-03:00
ord_000067,2026-07-20 05:30:00-03:00,store_025,food,zone_2,-34.6305361292148,-58.38680427540933,-34.58459331386711,-58.36025453170504,5.657,2026-07-20 05:32:22.202338668-03:00,2026-07-20 05:33:50.216974656-03:00,2026-07-20 05:51:45.374363700-03:00,2026-07-20 05:53:32.581322694-03:00,2026-07-20 06:19:30.920891406-03:00
ord_002743,2026-07-20 05:42:00-03:00,store_066,food,zone_3,-34.59407928392546,-58.436896030345466,-34.55641743971335,-58.37456977244497,7.078,2026-07-20 05:44:13.373600100-03:00,2026-07-20 05:49:53.416307640-03:00,2026-07-20 06:12:29.582791788-03:00,2026-07-20 06:18:12.274082634-03:00,2026-07-20 06:48:24.784818960-03:00
ord_006133,2026-07-20 05:57:00-03:00,store_005,food,zone_6,-34.55243776483632,-58.46829377809917,-34.588142806853725,-58.423460579710195,5.711,2026-07-20 06:00:14.048861274-03:00,2026-07-20 06:02:26.023670064-03:00,2026-07-20 06:20:17.929485762-03:00,2026-07-20 06:51:07.427374362-03:00,2026-07-20 07:13:57.645590118-03:00
ord_000897,2026-07-20 06:40:00-03:00,store_071,food,zone_5,-34.60914713562754,-58.36349909966083,-34.64252283121922,-58.43298762269079,7.362,2026-07-20 06:41:12.926565438-03:00,2026-07-20 06:44:27.520789326-03:00,2026-07-20 07:04:22.545086664-03:00,2026-07-20 07:05:37.242719820-03:00,2026-07-20 07:33:53.351798904-03:00
ord_007684,2026-07-20 09:12:00-03:00,store_070,food,zone_2,-34.628541532718046,-58.372582049854735,-34.61141657970216,-58.43708768194333,6.202,2026-07-20 09:16:21.281367984-03:00,2026-07-20 09:16:35.680102290-03:00,2026-07-20 09:37:47.819702328-03:00,2026-07-20 09:52:42.677779194-03:00,2026-07-20 10:21:42.434213970-03:00
ord_001629,2026-07-20 09:21:00-03:00,store_016,food,zone_4,-34.59454152129842,-58.432964360628056,-34.58478654217414,-58.35453565240237,7.261,2026-07-20 09:21:36.825769692-03:00,2026-07-20 09:24:11.755218798-03:00,2026-07-20 09:45:31.283928324-03:00,2026-07-20 09:46:42.051649362-03:00,2026-07-20 10:17:14.688117287-03:00
ord_001953,2026-07-20 09:45:00-03:00,store_005,grocery,zone_6,-34.55243776483632,-58.46829377809917,-34.5883943921578,-58.39953194662524,7.458,2026-07-20 09:47:13.047755904-03:00,2026-07-20 09:47:47.642205738-03:00,2026-07-20 10:13:47.533653198-03:00,2026-07-20 10:15:18.095731931-03:00,2026-07-20 10:46:34.325377817-03:00
ord_003757,2026-07-20 10:35:00-03:00,store_002,grocery,zone_8,-34.56414020800886,-58.37417734999342,-34.62085802444812,-58.44896093106465,9.308,2026-07-20 10:36:05.632062330-03:00,2026-07-20 10:39:33.936842604-03:00,2026-07-20 10:59:32.743766760-03:00,2026-07-20 11:00:34.064909754-03:00,2026-07-20 11:36:36.922445856-03:00
ord_000673,2026-07-20 10:52:00-03:00,store_027,food,zone_0,-34.645619623421275,-58.44460859696013,-34.605823036145864,-58.3702585031986,8.116,2026-07-20 10:52:39.748462236-03:00,2026-07-20 10:55:04.354665726-03:00,2026-07-20 11:15:20.827693164-03:00,2026-07-20 11:17:45.229934460-03:00,2026-07-20 11:43:57.224771364-03:00
ord_001180,2026-07-20 11:26:00-03:00,store_060,food,zone_7,-34.583159703820954,-58.41673441699104,-34.55366596942123,-58.472177026306596,6.044,2026-07-20 11:30:16.749249060-03:00,2026-07-20 11:30:29.872139700-03:00,2026-07-20 11:44:07.419283710-03:00,2026-07-20 11:56:43.735236630-03:00,2026-07-20 12:19:27.712660350-03:00
ord_005255,2026-07-20 11:35:00-03:00,store_049,food,zone_1,-34.63602475163907,-58.403606205616896,-34.585811976701656,-58.366754106098924,6.523,2026-07-20 11:36:22.490254002-03:00,2026-07-20 11:39:01.669873092-03:00,2026-07-20 11:58:13.839167940-03:00,2026-07-20 12:03:57.932810088-03:00,2026-07-20 12:26:31.781230919-03:00
ord_002576,2026-07-20 12:54:00-03:00,store_030,pharmacy,zone_7,-34.575523784409214,-58.42074908232163,-34.61560375493981,-58.41409078709954,4.498,2026-07-20 12:59:03.795716994-03:00,2026-07-20 13:01:10.911308604-03:00,2026-07-20 13:19:03.916475928-03:00,2026-07-20 13:20:25.192202148-03:00,2026-07-20 13:48:32.846474298-03:00
ord_007517,2026-07-20 13:13:00-03:00,store_028,food,zone_0,-34.63457105079324,-58.46746917492004,-34.633681005421494,-58.44033874717394,2.484,2026-07-20 13:14:58.540934886-03:00,2026-07-20 13:16:49.893306102-03:00,2026-07-20 13:35:40.288378398-03:00,2026-07-20 13:54:55.588712790-03:00,2026-07-20 14:09:52.182695586-03:00
ord_008219,2026-07-20 13:16:00-03:00,store_052,grocery,zone_7,-34.571307562249785,-58.40446205183895,-34.58384939937427,-58.39139119679664,1.838,2026-07-20 13:19:38.911605678-03:00,2026-07-20 13:21:16.702629270-03:00,2026-07-20 13:30:36.395412684-03:00,2026-07-20 13:31:38.543269668-03:00,2026-07-20 13:49:11.540681526-03:00
ord_007660,2026-07-20 14:21:00-03:00,store_079,food,zone_8,-34.571610179089355,-58.38007582605071,-34.621016906015086,-58.41875249018878,6.536,2026-07-20 14:25:00.041144406-03:00,2026-07-20 14:27:19.695660426-03:00,2026-07-20 14:52:06.684510408-03:00,2026-07-20 14:52:41.690449764-03:00,2026-07-20 15:26:40.382439834-03:00
ord_010352,2026-07-20 15:24:00-03:00,store_003,food,zone_6,-34.58026319709406,-58.458293520412,-34.62546463097823,-58.43361125088009,5.511,2026-07-20 15:25:44.011490742-03:00,2026-07-20 15:27:36.939669798-03:00,2026-07-20 15:50:24.585254874-03:00,2026-07-20 15:52:11.383334454-03:00,2026-07-20 16:16:08.161495182-03:00
ord_002540,2026-07-20 15:43:00-03:00,store_009,food,zone_4,-34.60496140621044,-58.41486417923656,-34.62763300540047,-58.43002254771806,2.877,2026-07-20 15:45:44.600692002-03:00,2026-07-20 15:48:37.672669080-03:00,2026-07-20 16:05:31.132732080-03:00,2026-07-20 16:29:00.166697280-03:00,2026-07-20 16:44:57.216795012-03:00
ord_003659,2026-07-20 16:18:00-03:00,store_022,grocery,zone_6,-34.55293019756051,-58.44543690501026,-34.59666689410483,-58.44100348386242,4.88,2026-07-20 16:21:54.827433204-03:00,2026-07-20 16:22:34.671283350-03:00,2026-07-20 16:39:53.888667318-03:00,2026-07-20 16:42:20.961676121-03:00,2026-07-20 17:03:56.902529999-03:00
ord_006830,2026-07-20 20:09:00-03:00,store_053,food,zone_4,-34.583514914340796,-58.434906925410466,-34.63351653081573,-58.35280618579491,9.347,2026-07-20 20:14:16.798729398-03:00,2026-07-20 20:15:34.695481152-03:00,2026-07-20 20:51:17.343880704-03:00,2026-07-20 20:52:16.066783056-03:00,2026-07-20 21:46:39.530036376-03:00
ord_006458,2026-07-20 21:09:00-03:00,store_063,grocery,zone_7,-34.573500114258394,-58.40567535319111,-34.592466992680485,-58.42066724912669,2.516,2026-07-20 21:11:27.170836200-03:00,2026-07-20 21:14:00.373031760-03:00,2026-07-20 21:30:28.450592676-03:00,2026-07-20 21:31:57.651178338-03:00,2026-07-20 21:49:54.376163826-03:00
ord_010389,2026-07-20 22:15:00-03:00,store_016,food,zone_4,-34.59454152129842,-58.432964360628056,-34.568111916234685,-58.47042328848941,4.516,2026-07-20 22:16:46.516709976-03:00,2026-07-20 22:19:59.726512236-03:00,2026-07-20 22:38:13.867912710-03:00,2026-07-20 22:39:11.772097290-03:00,2026-07-20 23:00:31.441762236-03:00
ord_005680,2026-07-20 22:27:00-03:00,store_024,grocery,zone_8,-34.57216165029262,-58.378762382484446,-34.63584924221948,-58.4297969301306,8.483,2026-07-20 22:31:07.485790098-03:00,2026-07-20 22:33:57.102413118-03:00,2026-07-20 22:53:48.310105872-03:00,2026-07-20 22:55:18.952550219-03:00,2026-07-20 23:28:30.095491691-03:00
ord_008212,2026-07-20 23:24:00-03:00,store_035,food,zone_2,-34.63105286409157,-58.36864014306799,-34.61868451337069,-58.35794566830794,1.688,2026-07-20 23:26:58.847607132-03:00,2026-07-20 23:29:26.352947340-03:00,2026-07-20 23:34:13.103732784-03:00,2026-07-20 23:56:29.727912270-03:00,2026-07-21 00:00:56.946853872-03:00
ord_003603,2026-07-21 00:27:00-03:00,store_078,grocery,zone_5,-34.59429678476587,-58.385490700142704,-34.55089202000389,-58.46817003126891,8.978,2026-07-21 00:29:15.064272708-03:00,2026-07-21 00:30:55.983101460-03:00,2026-07-21 00:54:57.431936394-03:00,2026-07-21 00:58:00.405967956-03:00,2026-07-21 01:33:34.313273076-03:00
ord_010011,2026-07-21 00:44:00-03:00,store_008,food,zone_0,-34.637188636732446,-58.45903466872563,-34.56408662467203,-58.445507983269664,8.222,2026-07-21 00:47:33.640272846-03:00,2026-07-21 00:49:17.659856316-03:00,2026-07-21 01:14:22.396039758-03:00,2026-07-21 01:15:57.090827916-03:00,2026-07-21 01:49:28.860501443-03:00
ord_000794,2026-07-21 00:58:00-03:00,store_059,grocery,zone_0,-34.638546992646404,-58.46924510001008,-34.6054029411121,-58.4243166988043,5.521,2026-07-21 01:03:29.644566360-03:00,2026-07-21 01:06:07.436830344-03:00,2026-07-21 01:31:54.300399894-03:00,2026-07-21 01:32:12.300399894-03:00,2026-07-21 01:53:14.456712816-03:00
ord_010405,2026-07-21 01:10:00-03:00,store_021,grocery,zone_5,-34.61454740318701,-58.389038072604606,-34.631627023681865,-58.37118201030169,2.505,2026-07-21 01:13:26.510113692-03:00,2026-07-21 01:15:36.123487452-03:00,2026-07-21 01:26:25.604395710-03:00,2026-07-21 01:27:30.591173136-03:00,2026-07-21 01:44:48.101301018-03:00
ord_004697,2026-07-21 02:00:00-03:00,store_071,grocery,zone_5,-34.60914713562754,-58.36349909966083,-34.58177028476928,-58.40164371708218,4.632,2026-07-21 02:03:07.672474932-03:00,2026-07-21 02:07:27.672069354-03:00,2026-07-21 02:26:31.049238360-03:00,2026-07-21 02:28:40.174977252-03:00,2026-07-21 02:49:24.876103572-03:00
ord_001298,2026-07-21 02:47:00-03:00,store_058,food,zone_2,-34.63602030018723,-58.37824442045746,-34.559922659708526,-58.42428535634869,9.453,2026-07-21 02:51:20.331744840-03:00,2026-07-21 02:54:13.614798906-03:00,2026-07-21 03:17:32.948045838-03:00,2026-07-21 03:19:28.598837646-03:00,2026-07-21 03:54:06.079706310-03:00
ord_009086,2026-07-21 03:58:00-03:00,store_013,food,zone_7,-34.56772383867291,-58.430467240607456,-34.56383880822437,-58.378992103347045,4.733,2026-07-21 04:02:55.941912894-03:00,2026-07-21 04:04:27.002716758-03:00,2026-07-21 04:19:17.917729104-03:00,2026-07-21 04:26:17.162250600-03:00,2026-07-21 04:49:28.580228286-03:00
ord_004530,2026-07-21 05:00:00-03:00,store_004,grocery,zone_0,-34.640582265211236,-58.4770474304926,-34.60859514945482,-58.37976843037202,9.585,2026-07-21 05:01:32.483589426-03:00,2026-07-21 05:03:08.982796680-03:00,2026-07-21 05:25:56.619255876-03:00,2026-07-21 05:27:49.181141016-03:00,2026-07-21 06:05:01.963411794-03:00
ord_009243,2026-07-21 05:05:00-03:00,store_052,food,zone_7,-34.571307562249785,-58.40446205183895,-34.5819411276563,-58.37300291584609,3.113,2026-07-21 05:07:24.998582118-03:00,2026-07-21 05:10:01.064032590-03:00,2026-07-21 05:20:54.035017326-03:00,2026-07-21 05:26:09.590217588-03:00,2026-07-21 05:40:31.466371632-03:00
ord_010115,2026-07-21 06:48:00-03:00,store_044,food,zone_6,-34.566774019860475,-58.47459015739795,-34.64183347964437,-58.379871969245244,12.0,2026-07-21 06:50:52.768317864-03:00,2026-07-21 06:52:33.069116724-03:00,2026-07-21 07:19:22.617121764-03:00,2026-07-21 07:21:25.222947954-03:00,2026-07-21 08:04:12.761255820-03:00
ord_003171,2026-07-21 08:55:00-03:00,store_073,pharmacy,zone_1,-34.62660605141346,-58.407975301339924,-34.569688874238985,-58.452453461943925,7.525,2026-07-21 08:57:02.423473680-03:00,2026-07-21 08:59:13.309862388-03:00,2026-07-21 09:29:19.338879432-03:00,2026-07-21 09:30:11.934144276-03:00,2026-07-21 09:59:33.128542422-03:00
ord_011124,2026-07-21 09:46:00-03:00,store_027,food,zone_0,-34.645619623421275,-58.44460859696013,-34.558108875135176,-58.35376170996609,12.0,2026-07-21 09:51:02.176587342-03:00,2026-07-21 09:53:15.523715700-03:00,2026-07-21 10:26:32.962026174-03:00,2026-07-21 10:28:29.890752384-03:00,2026-07-21 11:18:23.424944406-03:00
ord_000061,2026-07-21 11:01:00-03:00,store_047,grocery,zone_0,-34.62116718960697,-58.46121185544741,-34.640961773056056,-58.35490110277134,9.973,2026-07-21 11:03:20.685251652-03:00,2026-07-21 11:04:13.280975772-03:00,2026-07-21 11:25:27.020359278-03:00,2026-07-21 11:26:49.844341848-03:00,2026-07-21 12:04:44.754948594-03:00
ord_000361,2026-07-21 11:47:00-03:00,store_004,grocery,zone_0,-34.640582265211236,-58.4770474304926,-34.5784334364346,-58.41110926550006,9.175,2026-07-21 11:50:48.255059352-03:00,2026-07-21 11:54:05.011606656-03:00,2026-07-21 12:20:20.309608632-03:00,2026-07-21 12:22:11.918600472-03:00,2026-07-21 12:56:26.533634646-03:00
ord_004383,2026-07-21 11:48:00-03:00,store_055,food,zone_6,-34.5719270968978,-58.477035496766135,-34.588467931816275,-58.44306972838808,3.613,2026-07-21 11:49:59.422863006-03:00,2026-07-21 11:52:07.753624818-03:00,2026-07-21 12:09:43.376872830-03:00,2026-07-21 12:17:09.524817684-03:00,2026-07-21 12:36:59.986577508-03:00
ord_002194,2026-07-21 12:25:00-03:00,store_009,grocery,zone_4,-34.60496140621044,-58.41486417923656,-34.55416023210262,-58.419392259281366,5.664,2026-07-21 12:25:30-03:00,2026-07-21 12:25:42-03:00,2026-07-21 12:45:19.118465190-03:00,2026-07-21 12:47:20.517672660-03:00,2026-07-21 13:22:14.290496040-03:00
ord_009807,2026-07-21 13:09:00-03:00,store_071,grocery,zone_5,-34.60914713562754,-58.36349909966083,-34.60136291020556,-58.47531017503777,10.27,2026-07-21 13:10:08.383701366-03:00,2026-07-21 13:14:07.598480826-03:00,2026-07-21 13:50:42.836253108-03:00,2026-07-21 13:52:14.231278332-03:00,2026-07-21 14:43:25.531867596-03:00
ord_011220,2026-07-21 15:26:00-03:00,store_076,food,zone_0,-34.62064062422333,-58.443439608100924,-34.5913996208169,-58.384279380075135,6.316,2026-07-21 15:29:34.183126379-03:00,2026-07-21 15:31:36.544522757-03:00,2026-07-21 15:47:45.869446793-03:00,2026-07-21 16:04:41.854034435-03:00,2026-07-21 16:32:43.203207569-03:00
ord_004594,2026-07-21 15:50:00-03:00,store_025,grocery,zone_2,-34.6305361292148,-58.38680427540933,-34.5631165038551,-58.376991190012646,7.55,2026-07-21 15:52:05.060783904-03:00,2026-07-21 15:54:33.155197584-03:00,2026-07-21 16:13:33.484074096-03:00,2026-07-21 16:15:01.068347790-03:00,2026-07-21 16:41:36.986036838-03:00
ord_001780,2026-07-21 19:24:00-03:00,store_054,food,zone_7,-34.57948346213736,-58.403180986107415,-34.64970544202923,-58.455018146500976,9.136,2026-07-21 19:25:06.045401598-03:00,2026-07-21 19:26:06.816994782-03:00,2026-07-21 19:48:39.153884808-03:00,2026-07-21 19:50:50.692449276-03:00,2026-07-21 20:36:52.374303396-03:00
ord_002782,2026-07-21 19:54:00-03:00,store_010,food,zone_3,-34.61292019757674,-58.460199426647286,-34.576277942770105,-58.45193352620168,4.144,2026-07-21 19:58:25.208110302-03:00,2026-07-21 19:59:53.256944076-03:00,2026-07-21 20:21:59.353698456-03:00,2026-07-21 20:37:00.074534658-03:00,2026-07-21 20:57:58.176502560-03:00
ord_000060,2026-07-21 21:12:00-03:00,store_034,food,zone_3,-34.603044418872415,-58.4570195382179,-34.58476021675387,-58.455717466764646,2.037,2026-07-21 21:17:22.268576688-03:00,2026-07-21 21:19:02.107372680-03:00,2026-07-21 21:33:02.682224772-03:00,2026-07-21 21:46:06.638031180-03:00,2026-07-21 22:02:23.467047161-03:00
ord_011709,2026-07-21 21:17:00-03:00,store_043,food,zone_1,-34.61876333586179,-58.42594503771782,-34.625739546686205,-58.40775616192103,1.836,2026-07-21 21:17:30-03:00,2026-07-21 21:19:16.218285540-03:00,2026-07-21 21:33:29.914455066-03:00,2026-07-21 21:42:33.957135024-03:00,2026-07-21 21:59:03.679152690-03:00
ord_008844,2026-07-21 22:29:00-03:00,store_008,grocery,zone_0,-34.637188636732446,-58.45903466872563,-34.573227331107034,-58.44683588391495,7.199,2026-07-21 22:33:18.035259972-03:00,2026-07-21 22:36:35.338901184-03:00,2026-07-21 22:57:35.104775250-03:00,2026-07-21 22:59:07.721875128-03:00,2026-07-21 23:29:57.202489494-03:00
ord_001412,2026-07-21 23:03:00-03:00,store_059,grocery,zone_0,-34.638546992646404,-58.46924510001008,-34.61519227304551,-58.4622799419715,2.674,2026-07-21 23:05:13.191392658-03:00,2026-07-21 23:06:28.158103350-03:00,2026-07-21 23:18:53.973140154-03:00,2026-07-21 23:19:45.389418330-03:00,2026-07-21 23:33:17.697147414-03:00
ord_003691,2026-07-21 23:10:00-03:00,store_057,pharmacy,zone_4,-34.593125880404706,-58.41730055319742,-34.59922501352356,-58.41419463824928,0.735,2026-07-21 23:15:43.103739222-03:00,2026-07-21 23:17:42.291451560-03:00,2026-07-21 23:30:52.239930762-03:00,2026-07-21 23:33:35.173463586-03:00,2026-07-21 23:45:34.599388086-03:00
ord_001046,2026-07-22 02:02:00-03:00,store_074,food,zone_0,-34.64416972583109,-58.46588515365239,-34.571495034389116,-58.45669352766805,8.125,2026-07-22 02:04:26.985864864-03:00,2026-07-22 02:07:25.874016258-03:00,2026-07-22 02:27:37.226005116-03:00,2026-07-22 02:46:25.437800988-03:00,2026-07-22 03:19:44.874236964-03:00
ord_006709,2026-07-22 03:09:00-03:00,store_070,food,zone_2,-34.628541532718046,-58.372582049854735,-34.59562680639561,-58.43520368759431,6.8,2026-07-22 03:13:52.738137186-03:00,2026-07-22 03:17:02.432755554-03:00,2026-07-22 03:39:10.239525672-03:00,2026-07-22 03:40:05.528692566-03:00,2026-07-22 04:11:32.251266486-03:00
ord_002962,2026-07-22 03:52:00-03:00,store_048,grocery,zone_6,-34.5817504496025,-58.46655761419606,-34.626181633109525,-58.46584325834246,4.941,2026-07-22 03:53:57.114051756-03:00,2026-07-22 03:54:49.094794008-03:00,2026-07-22 04:15:57.137145468-03:00,2026-07-22 04:17:57.504182094-03:00,2026-07-22 04:41:09.011416236-03:00
ord_008684,2026-07-22 04:40:00-03:00,store_043,grocery,zone_1,-34.61876333586179,-58.42594503771782,-34.586243587237114,-58.39916375267716,4.369,2026-07-22 04:43:25.222228452-03:00,2026-07-22 04:45:51.466881894-03:00,2026-07-22 05:05:09.346026282-03:00,2026-07-22 05:06:00.558919908-03:00,2026-07-22 05:23:54.547674726-03:00
ord_002416,2026-07-22 04:58:00-03:00,store_069,food,zone_3,-34.60632826107676,-58.477190429615554,-34.58005706129759,-58.45748768401607,3.433,2026-07-22 05:00:40.226606472-03:00,2026-07-22 05:02:48.161002632-03:00,2026-07-22 05:11:52.729886394-03:00,2026-07-22 05:46:51.917438358-03:00,2026-07-22 06:02:02.095812162-03:00
ord_010295,2026-07-22 05:28:00-03:00,store_044,food,zone_6,-34.566774019860475,-58.47459015739795,-34.61969122393558,-58.3717984269829,11.098,2026-07-22 05:30:06.006571488-03:00,2026-07-22 05:31:24.317005686-03:00,2026-07-22 06:00:04.347203742-03:00,2026-07-22 06:29:18.577290228-03:00,2026-07-22 07:09:53.388809760-03:00
ord_000064,2026-07-22 06:17:00-03:00,store_064,grocery,zone_4,-34.58652816799994,-58.418446377862594,-34.559544089823234,-58.4213058040287,3.012,2026-07-22 06:21:51.864957432-03:00,2026-07-22 06:25:01.743462276-03:00,2026-07-22 06:36:51.133161822-03:00,2026-07-22 06:37:56.389113774-03:00,2026-07-22 06:57:07.776358590-03:00
ord_011187,2026-07-22 06:22:00-03:00,store_069,food,zone_3,-34.60632826107676,-58.477190429615554,-34.58303486702976,-58.38385287806774,8.928,2026-07-22 06:24:54.101194410-03:00,2026-07-22 06:26:49.781634792-03:00,2026-07-22 06:53:36.477988314-03:00,2026-07-22 07:04:57.355955778-03:00,2026-07-22 07:38:23.412888192-03:00
ord_010668,2026-07-22 07:01:00-03:00,store_047,food,zone_0,-34.62116718960697,-58.46121185544741,-34.59893214119472,-58.43996600900929,3.145,2026-07-22 07:02:23.705196324-03:00,2026-07-22 07:03:53.243828706-03:00,2026-07-22 07:21:38.793065028-03:00,2026-07-22 07:22:31.005558678-03:00,2026-07-22 07:36:47.477398584-03:00
ord_011969,2026-07-22 08:00:00-03:00,store_024,food,zone_8,-34.57216165029262,-58.378762382484446,-34.59802606422715,-58.368309547657276,3.031,2026-07-22 08:04:05.769927288-03:00,2026-07-22 08:04:32.201584878-03:00,2026-07-22 08:17:10.231250412-03:00,2026-07-22 08:36:45.283729506-03:00,2026-07-22 08:54:53.633319624-03:00
ord_011785,2026-07-22 08:34:00-03:00,store_019,grocery,zone_5,-34.58683356008779,-58.35495330360857,-34.5942831299518,-58.37828536373667,2.291,2026-07-22 08:36:31.764916590-03:00,2026-07-22 08:38:55.512145188-03:00,2026-07-22 08:46:28.258690026-03:00,2026-07-22 08:57:27.836618237-03:00,2026-07-22 09:12:58.693630169-03:00
ord_009370,2026-07-22 08:35:00-03:00,store_025,food,zone_2,-34.6305361292148,-58.38680427540933,-34.59136913045866,-58.41838587589017,5.227,2026-07-22 08:39:14.444715450-03:00,2026-07-22 08:41:10.595045136-03:00,2026-07-22 08:56:43.223849544-03:00,2026-07-22 09:01:02.530750320-03:00,2026-07-22 09:23:35.434634850-03:00
ord_002574,2026-07-22 10:20:00-03:00,store_019,grocery,zone_5,-34.58683356008779,-58.35495330360857,-34.63810619025831,-58.41882440825955,8.165,2026-07-22 10:23:28.945863180-03:00,2026-07-22 10:26:08.810516916-03:00,2026-07-22 10:44:14.539475010-03:00,2026-07-22 10:44:32.539475010-03:00,2026-07-22 11:16:07.029855090-03:00
ord_001588,2026-07-22 12:23:00-03:00,store_055,grocery,zone_6,-34.5719270968978,-58.477035496766135,-34.5648558847786,-58.404557202355804,6.683,2026-07-22 12:28:58.014937944-03:00,2026-07-22 12:31:53.330168196-03:00,2026-07-22 13:01:28.635782928-03:00,2026-07-22 13:01:46.635782928-03:00,2026-07-22 13:35:57.984231684-03:00
ord_002553,2026-07-22 12:40:00-03:00,store_015,food,zone_1,-34.62727612782152,-58.398063262894546,-34.55966514783243,-58.44223655160286,8.536,2026-07-22 12:42:40.923602634-03:00,2026-07-22 12:42:52.923602634-03:00,2026-07-22 13:15:02.005719192-03:00,2026-07-22 13:16:41.589322944-03:00,2026-07-22 14:00:11.858182943-03:00
ord_002339,2026-07-22 13:35:00-03:00,store_067,food,zone_1,-34.619604990193736,-58.4123125876787,-34.62630394906294,-58.4141148131509,0.763,2026-07-22 13:37:26.739298926-03:00,2026-07-22 13:41:26.134150722-03:00,2026-07-22 13:49:22.585708776-03:00,2026-07-22 13:50:59.354982756-03:00,2026-07-22 13:59:53.331339534-03:00
ord_000049,2026-07-22 14:22:00-03:00,store_012,pharmacy,zone_4,-34.58561348799193,-58.421999684175375,-34.553359308748114,-58.423849037527525,3.59,2026-07-22 14:24:44.898843822-03:00,2026-07-22 14:26:42.929278062-03:00,2026-07-22 14:44:18.895587516-03:00,2026-07-22 14:45:30.985217538-03:00,2026-07-22 15:07:03.228403368-03:00
ord_003458,2026-07-22 15:56:00-03:00,store_010,food,zone_3,-34.61292019757674,-58.460199426647286,-34.60413014426988,-58.399974410544935,5.598,2026-07-22 15:56:36.902640888-03:00,2026-07-22 15:58:46.960971936-03:00,2026-07-22 16:16:27.822168888-03:00,2026-07-22 16:25:20.911680996-03:00,2026-07-22 16:51:09.801526338-03:00
ord_011169,2026-07-22 16:01:00-03:00,store_019,food,zone_5,-34.58683356008779,-58.35495330360857,-34.630918805914305,-58.476710735491395,12.0,2026-07-22 16:04:24.929200776-03:00,2026-07-22 16:05:33.519736104-03:00,2026-07-22 16:27:10.308135726-03:00,2026-07-22 16:53:49.586851182-03:00,2026-07-22 17:39:42.857013162-03:00
ord_004054,2026-07-22 16:34:00-03:00,store_047,food,zone_0,-34.62116718960697,-58.46121185544741,-34.639792842635565,-58.44456518000498,2.571,2026-07-22 16:34:30-03:00,2026-07-22 16:35:39.317451426-03:00,2026-07-22 16:47:33.174195336-03:00,2026-07-22 16:49:33.183640602-03:00,2026-07-22 17:04:45.967684218-03:00
ord_002157,2026-07-22 17:17:00-03:00,store_037,food,zone_5,-34.6024295073774,-58.38646981572638,-34.60292074052175,-58.36848655448061,1.647,2026-07-22 17:19:13.614736980-03:00,2026-07-22 17:20:26.896782540-03:00,2026-07-22 17:33:11.968079370-03:00,2026-07-22 17:43:40.791084822-03:00,2026-07-22 17:54:23.450032284-03:00
ord_010051,2026-07-22 19:47:00-03:00,store_073,food,zone_1,-34.62660605141346,-58.407975301339924,-34.5815082153454,-58.466151862865736,7.314,2026-07-22 19:48:05.095676988-03:00,2026-07-22 19:48:48.139752426-03:00,2026-07-22 20:15:27.179564634-03:00,2026-07-22 20:17:08.258362680-03:00,2026-07-22 20:55:49.501291800-03:00
ord_008749,2026-07-22 20:13:00-03:00,store_043,food,zone_1,-34.61876333586179,-58.42594503771782,-34.608761779609864,-58.37480433874797,4.81,2026-07-22 20:19:04.101471521-03:00,2026-07-22 20:20:14.396644673-03:00,2026-07-22 20:34:46.305777034-03:00,2026-07-22 20:57:51.036973937-03:00,2026-07-22 21:27:39.961122875-03:00
ord_000043,2026-07-22 20:15:00-03:00,store_073,food,zone_1,-34.62660605141346,-58.407975301339924,-34.60303496833306,-58.468485219971434,6.126,2026-07-22 20:19:42.529050324-03:00,2026-07-22 20:22:39.606468384-03:00,2026-07-22 20:43:18.006000150-03:00,2026-07-22 20:45:27.954810018-03:00,2026-07-22 21:14:47.898488766-03:00
ord_009159,2026-07-22 20:54:00-03:00,store_053,food,zone_4,-34.583514914340796,-58.434906925410466,-34.60954115700523,-58.39336076497086,4.779,2026-07-22 20:56:49.472766996-03:00,2026-07-22 20:57:39.743509776-03:00,2026-07-22 21:22:26.314874172-03:00,2026-07-22 21:49:36.484452486-03:00,2026-07-22 22:17:56.471064780-03:00
ord_004030,2026-07-22 21:40:00-03:00,store_028,food,zone_0,-34.63457105079324,-58.46746917492004,-34.56848570974303,-58.39784477917366,9.727,2026-07-22 21:43:27.814446492-03:00,2026-07-22 21:45:02.874860418-03:00,2026-07-22 22:18:26.917724412-03:00,2026-07-22 22:31:01.269993336-03:00,2026-07-22 23:19:40.377382776-03:00
ord_008144,2026-07-22 22:55:00-03:00,store_035,food,zone_2,-34.63105286409157,-58.36864014306799,-34.554508720256685,-58.384075015133554,8.628,2026-07-22 22:55:42.285840432-03:00,2026-07-22 22:57:01.311488832-03:00,2026-07-22 23:21:10.862328534-03:00,2026-07-22 23:22:30.616515660-03:00,2026-07-22 23:57:31.763395320-03:00
ord_007591,2026-07-23 00:42:00-03:00,store_030,grocery,zone_7,-34.575523784409214,-58.42074908232163,-34.55292923221825,-58.43085920546798,2.678,2026-07-23 00:44:15.082917882-03:00,2026-07-23 00:44:49.382622114-03:00,2026-07-23 00:58:17.380876068-03:00,2026-07-23 01:00:58.698368316-03:00,2026-07-23 01:17:32.997777564-03:00
ord_002075,2026-07-23 00:47:00-03:00,store_028,food,zone_0,-34.63457105079324,-58.46746917492004,-34.63525626684256,-58.43773866102863,2.721,2026-07-23 00:52:26.399836416-03:00,2026-07-23 00:54:12.698868-03:00,2026-07-23 01:07:54.262858560-03:00,2026-07-23 01:34:28.146951366-03:00,2026-07-23 01:49:36.922558980-03:00
ord_005747,2026-07-23 02:40:00-03:00,store_012,pharmacy,zone_4,-34.58561348799193,-58.421999684175375,-34.647374403163205,-58.38233573047555,7.768,2026-07-23 02:40:54.826389744-03:00,2026-07-23 02:43:02.492643437-03:00,2026-07-23 03:08:11.619137501-03:00,2026-07-23 03:09:47.902004591-03:00,2026-07-23 03:39:16.641831461-03:00
ord_009668,2026-07-23 05:05:00-03:00,store_037,grocery,zone_5,-34.6024295073774,-58.38646981572638,-34.575183677752015,-58.474792895692886,8.634,2026-07-23 05:08:23.452681992-03:00,2026-07-23 05:10:16.285245444-03:00,2026-07-23 05:31:22.651541748-03:00,2026-07-23 05:32:53.038069889-03:00,2026-07-23 06:02:30.442254581-03:00
ord_003547,2026-07-23 05:40:00-03:00,store_022,food,zone_6,-34.55293019756051,-58.44543690501026,-34.63435385310692,-58.40214023225988,9.883,2026-07-23 05:40:30-03:00,2026-07-23 05:43:07.394484180-03:00,2026-07-23 06:04:49.082217234-03:00,2026-07-23 06:06:38.195666748-03:00,2026-07-23 06:43:50.135346174-03:00
ord_002980,2026-07-23 07:06:00-03:00,store_043,grocery,zone_1,-34.61876333586179,-58.42594503771782,-34.58381752007976,-58.45846186433242,4.895,2026-07-23 07:08:36.056429562-03:00,2026-07-23 07:11:35.056918632-03:00,2026-07-23 07:28:24.900367194-03:00,2026-07-23 07:31:03.803875632-03:00,2026-07-23 07:50:47.025064440-03:00
ord_005081,2026-07-23 08:46:00-03:00,store_028,food,zone_0,-34.63457105079324,-58.46746917492004,-34.601782219688005,-58.39896448741074,7.252,2026-07-23 08:47:59.819447148-03:00,2026-07-23 08:48:25.176126402-03:00,2026-07-23 09:09:08.149576110-03:00,2026-07-23 09:51:00.954980466-03:00,2026-07-23 10:22:26.511498084-03:00
ord_001055,2026-07-23 09:37:00-03:00,store_019,pharmacy,zone_5,-34.58683356008779,-58.35495330360857,-34.561971787962115,-58.45454843559765,9.528,2026-07-23 09:41:12.798299190-03:00,2026-07-23 09:41:41.024103906-03:00,2026-07-23 10:04:05.135120688-03:00,2026-07-23 10:04:58.815810810-03:00,2026-07-23 10:40:41.125756116-03:00
ord_007329,2026-07-23 10:54:00-03:00,store_070,pharmacy,zone_2,-34.628541532718046,-58.372582049854735,-34.56237308132182,-58.4366090655359,9.406,2026-07-23 10:56:02.319674532-03:00,2026-07-23 10:58:39.741290412-03:00,2026-07-23 11:23:12.588327270-03:00,2026-07-23 11:23:44.679840060-03:00,2026-07-23 12:00:01.885300386-03:00
ord_010500,2026-07-23 11:30:00-03:00,store_067,grocery,zone_1,-34.619604990193736,-58.4123125876787,-34.628430052095865,-58.4346799368654,2.27,2026-07-23 11:31:49.195905072-03:00,2026-07-23 11:34:13.175673636-03:00,2026-07-23 11:48:56.016000918-03:00,2026-07-23 11:50:13.251773316-03:00,2026-07-23 12:04:50.266768812-03:00
ord_004659,2026-07-23 11:34:00-03:00,store_060,food,zone_7,-34.583159703820954,-58.41673441699104,-34.596279772959406,-58.46357342793352,4.529,2026-07-23 11:38:59.304354732-03:00,2026-07-23 11:41:38.678368332-03:00,2026-07-23 11:56:48.791298762-03:00,2026-07-23 12:18:01.389980790-03:00,2026-07-23 12:37:02.959049058-03:00
ord_009744,2026-07-23 12:59:00-03:00,store_001,grocery,zone_4,-34.60611215602479,-58.42716970801279,-34.62045063936954,-58.44199139191624,2.093,2026-07-23 13:01:37.728876852-03:00,2026-07-23 13:01:49.728876852-03:00,2026-07-23 13:15:19.429426716-03:00,2026-07-23 13:17:01.122044742-03:00,2026-07-23 13:41:02.907564066-03:00
ord_001741,2026-07-23 14:55:00-03:00,store_074,grocery,zone_0,-34.64416972583109,-58.46588515365239,-34.63626624416379,-58.45988662702288,1.036,2026-07-23 14:56:09.962251482-03:00,2026-07-23 14:58:15.615577296-03:00,2026-07-23 15:15:19.047906306-03:00,2026-07-23 15:18:15.526525170-03:00,2026-07-23 15:30:52.316262594-03:00
ord_000445,2026-07-23 16:22:00-03:00,store_055,grocery,zone_6,-34.5719270968978,-58.477035496766135,-34.55930681525348,-58.397731992383456,7.396,2026-07-23 16:23:43.305145578-03:00,2026-07-23 16:25:10.381944930-03:00,2026-07-23 16:46:30.402721236-03:00,2026-07-23 16:47:28.083826428-03:00,2026-07-23 17:19:05.016841572-03:00
ord_006310,2026-07-23 16:43:00-03:00,store_006,food,zone_8,-34.57388602980096,-58.386093284422465,-34.57627224756862,-58.39937428537066,1.245,2026-07-23 16:47:38.021326398-03:00,2026-07-23 16:50:08.791169568-03:00,2026-07-23 17:02:31.434543774-03:00,2026-07-23 17:14:51.862020708-03:00,2026-07-23 17:25:51.677261016-03:00
ord_007338,2026-07-23 17:08:00-03:00,store_065,food,zone_3,-34.594642059934195,-58.44529316379805,-34.639932494446526,-58.398114445252126,6.633,2026-07-23 17:12:05.963168664-03:00,2026-07-23 17:12:51.994284054-03:00,2026-07-23 17:31:21.986805480-03:00,2026-07-23 17:33:32.933412996-03:00,2026-07-23 17:57:15.867582024-03:00
ord_007752,2026-07-23 18:04:00-03:00,store_041,food,zone_7,-34.56673218039421,-58.39551994179787,-34.55434755322994,-58.4391048618575,4.222,2026-07-23 18:08:50.874101058-03:00,2026-07-23 18:10:53.391316722-03:00,2026-07-23 18:24:59.517991260-03:00,2026-07-23 18:44:49.679560290-03:00,2026-07-23 19:05:36.027154890-03:00
ord_007097,2026-07-23 18:28:00-03:00,store_025,food,zone_2,-34.6305361292148,-58.38680427540933,-34.5707976991369,-58.38275972446323,6.653,2026-07-23 18:31:14.946758178-03:00,2026-07-23 18:33:11.747578266-03:00,2026-07-23 18:48:26.525536266-03:00,2026-07-23 18:50:44.587765458-03:00,2026-07-23 19:18:08.823780960-03:00
ord_007185,2026-07-23 18:35:00-03:00,store_035,food,zone_2,-34.63105286409157,-58.36864014306799,-34.56298266898038,-58.4567970540755,11.064,2026-07-23 18:37:28.214132994-03:00,2026-07-23 18:39:39.878389296-03:00,2026-07-23 19:10:15.142438188-03:00,2026-07-23 19:11:29.580202836-03:00,2026-07-23 19:51:58.710804222-03:00
ord_009671,2026-07-23 19:39:00-03:00,store_027,pharmacy,zone_0,-34.645619623421275,-58.44460859696013,-34.55227127563556,-58.450723290948055,10.395,2026-07-23 19:42:01.401938784-03:00,2026-07-23 19:43:41.834433774-03:00,2026-07-23 20:14:36.412008216-03:00,2026-07-23 20:15:25.843729476-03:00,2026-07-23 21:13:07.080883920-03:00
ord_009383,2026-07-23 20:08:00-03:00,store_050,food,zone_0,-34.630009179752484,-58.4578229140902,-34.55365468126071,-58.366895786708554,11.89,2026-07-23 20:10:27.221891496-03:00,2026-07-23 20:14:03.774021282-03:00,2026-07-23 20:55:15.606690690-03:00,2026-07-23 20:56:43.400818098-03:00,2026-07-23 21:56:43.400818098-03:00
ord_011234,2026-07-23 20:23:00-03:00,store_037,grocery,zone_5,-34.6024295073774,-58.38646981572638,-34.6460728120199,-58.41227382735843,5.397,2026-07-23 20:25:59.886746868-03:00,2026-07-23 20:28:17.216817804-03:00,2026-07-23 20:58:17.127315822-03:00,2026-07-23 20:59:34.837248516-03:00,2026-07-23 21:34:44.305671084-03:00
ord_001565,2026-07-24 02:16:00-03:00,store_024,pharmacy,zone_8,-34.57216165029262,-58.378762382484446,-34.57222073431857,-58.43877829786623,5.495,2026-07-24 02:19:29.209173384-03:00,2026-07-24 02:24:16.819932588-03:00,2026-07-24 02:45:30.408638988-03:00,2026-07-24 02:47:05.512444740-03:00,2026-07-24 03:09:01.347384426-03:00
ord_006436,2026-07-24 02:49:00-03:00,store_037,grocery,zone_5,-34.6024295073774,-58.38646981572638,-34.57158523276427,-58.35360760618565,4.562,2026-07-24 02:53:15.645647646-03:00,2026-07-24 02:54:47.594233320-03:00,2026-07-24 03:09:14.428860876-03:00,2026-07-24 03:10:50.813988912-03:00,2026-07-24 03:25:27.965661438-03:00
ord_010761,2026-07-24 03:43:00-03:00,store_049,food,zone_1,-34.63602475163907,-58.403606205616896,-34.56186667682297,-58.4236696479718,8.448,2026-07-24 03:48:08.535589949-03:00,2026-07-24 03:50:00.615861629-03:00,2026-07-24 04:14:45.707296475-03:00,2026-07-24 04:16:23.656996571-03:00,2026-07-24 04:48:54.500342843-03:00
ord_000738,2026-07-24 04:10:00-03:00,store_033,pharmacy,zone_4,-34.61295402939651,-58.40470145603755,-34.58309089634981,-58.40365198875725,3.322,2026-07-24 04:13:25.549706838-03:00,2026-07-24 04:15:07.623062364-03:00,2026-07-24 04:32:09.871786560-03:00,2026-07-24 04:36:26.841364002-03:00,2026-07-24 04:54:13.467167142-03:00
ord_006772,2026-07-24 07:12:00-03:00,store_011,food,zone_8,-34.557323501115135,-58.389478351239894,-34.619981508645644,-58.45692958151488,9.31,2026-07-24 07:15:24.285190254-03:00,2026-07-24 07:16:38.310337830-03:00,2026-07-24 07:41:42.731546022-03:00,2026-07-24 07:42:32.614225314-03:00,2026-07-24 08:20:49.158748584-03:00
ord_009095,2026-07-24 07:15:00-03:00,store_039,pharmacy,zone_7,-34.583018600531744,-58.39844985070868,-34.61012391156548,-58.45754250186261,6.192,2026-07-24 07:16:38.103613278-03:00,2026-07-24 07:19:02.041158636-03:00,2026-07-24 07:34:31.886521566-03:00,2026-07-24 07:36:10.140153192-03:00,2026-07-24 08:01:19.386389874-03:00
ord_000371,2026-07-24 09:46:00-03:00,store_004,pharmacy,zone_0,-34.640582265211236,-58.4770474304926,-34.55155817256467,-58.376397327019994,12.0,2026-07-24 09:49:23.939578824-03:00,2026-07-24 09:50:23.847951738-03:00,2026-07-24 10:19:32.188672697-03:00,2026-07-24 10:20:57.151948703-03:00,2026-07-24 11:05:09.094589021-03:00
ord_011377,2026-07-24 12:25:00-03:00,store_019,food,zone_5,-34.58683356008779,-58.35495330360857,-34.58608685974851,-58.40375242048832,4.468,2026-07-24 12:28:13.331195076-03:00,2026-07-24 12:30:47.970066492-03:00,2026-07-24 12:45:17.082904332-03:00,2026-07-24 12:54:16.007494116-03:00,2026-07-24 13:20:29.303822106-03:00
ord_000478,2026-07-24 14:09:00-03:00,store_075,food,zone_2,-34.6218616107978,-58.39260878790483,-34.55311309219459,-58.407833088159585,7.77,2026-07-24 14:09:30-03:00,2026-07-24 14:11:45.705117024-03:00,2026-07-24 14:48:30.486574668-03:00,2026-07-24 14:50:48.558683358-03:00,2026-07-24 15:30:01.446035892-03:00
ord_008361,2026-07-24 14:15:00-03:00,store_018,pharmacy,zone_6,-34.56723688280074,-58.46465923272433,-34.58900345689912,-58.43305716527988,3.772,2026-07-24 14:17:56.302772100-03:00,2026-07-24 14:19:52.909178148-03:00,2026-07-24 14:34:32.918067102-03:00,2026-07-24 14:37:13.475101710-03:00,2026-07-24 14:53:51.839376708-03:00
ord_007349,2026-07-24 14:38:00-03:00,store_043,grocery,zone_1,-34.61876333586179,-58.42594503771782,-34.64037482211775,-58.42782412399933,2.409,2026-07-24 14:39:33.873709104-03:00,2026-07-24 14:42:39.810270738-03:00,2026-07-24 14:56:47.680519109-03:00,2026-07-24 14:57:51.315595541-03:00,2026-07-24 15:08:45.030555491-03:00
ord_004313,2026-07-24 16:37:00-03:00,store_044,food,zone_6,-34.566774019860475,-58.47459015739795,-34.6086423161776,-58.44390058026951,5.438,2026-07-24 16:39:24.640448388-03:00,2026-07-24 16:41:55.916794656-03:00,2026-07-24 17:01:25.885887438-03:00,2026-07-24 17:01:43.885887438-03:00,2026-07-24 17:24:59.516912772-03:00
ord_005687,2026-07-24 18:05:00-03:00,store_016,grocery,zone_4,-34.59454152129842,-58.432964360628056,-34.564362280128,-58.47937862935196,5.415,2026-07-24 18:05:30-03:00,2026-07-24 18:06:43.137219510-03:00,2026-07-24 18:23:20.247174822-03:00,2026-07-24 18:25:01.499263818-03:00,2026-07-24 18:51:38.746827342-03:00
ord_000540,2026-07-24 18:32:00-03:00,store_006,food,zone_8,-34.57388602980096,-58.386093284422465,-34.622715795133026,-58.399437105146234,5.565,2026-07-24 18:32:41.475365604-03:00,2026-07-24 18:33:33.246361206-03:00,2026-07-24 18:50:30.406998540-03:00,2026-07-24 18:51:44.499151626-03:00,2026-07-24 19:18:57.086579322-03:00
ord_006634,2026-07-24 19:50:00-03:00,store_041,food,zone_7,-34.56673218039421,-58.39551994179787,-34.64490586054485,-58.47138881770553,11.125,2026-07-24 19:54:15.898990715-03:00,2026-07-24 19:56:55.796964137-03:00,2026-07-24 20:34:24.308565839-03:00,2026-07-24 20:35:21.559642097-03:00,2026-07-24 21:30:59.848016951-03:00
ord_000379,2026-07-24 19:56:00-03:00,store_055,food,zone_6,-34.5719270968978,-58.477035496766135,-34.633926795221576,-58.39264969172353,10.353,2026-07-24 19:59:07.131855096-03:00,2026-07-24 20:00:06.105218328-03:00,2026-07-24 20:40:47.527317636-03:00,2026-07-24 20:42:30.977068374-03:00,2026-07-24 21:33:58.420921890-03:00
ord_004699,2026-07-24 20:29:00-03:00,store_052,food,zone_7,-34.571307562249785,-58.40446205183895,-34.62881007397768,-58.470823135196,8.819,2026-07-24 20:33:38.502282270-03:00,2026-07-24 20:36:19.218294810-03:00,2026-07-24 21:15:07.157932932-03:00,2026-07-24 21:17:06.572097174-03:00,2026-07-24 21:59:42.424722732-03:00
ord_003128,2026-07-25 01:05:00-03:00,store_060,food,zone_7,-34.583159703820954,-58.41673441699104,-34.62880112404687,-58.41843700108191,5.077,2026-07-25 01:09:57.945020658-03:00,2026-07-25 01:12:18.208017480-03:00,2026-07-25 01:31:44.781847248-03:00,2026-07-25 01:46:50.813647482-03:00,2026-07-25 02:09:41.500144092-03:00
ord_006260,2026-07-25 04:14:00-03:00,store_000,pharmacy,zone_7,-34.5726043951444,-58.39363923975744,-34.63954508366721,-58.425753313892386,8.003,2026-07-25 04:18:00.587738100-03:00,2026-07-25 04:18:59.637727260-03:00,2026-07-25 04:35:12.624080964-03:00,2026-07-25 04:37:48.373677252-03:00,2026-07-25 05:07:27.457030278-03:00
ord_001523,2026-07-25 04:31:00-03:00,store_050,grocery,zone_0,-34.630009179752484,-58.4578229140902,-34.56874532944616,-58.477815140011,7.054,2026-07-25 04:34:08.590305408-03:00,2026-07-25 04:38:53.111460042-03:00,2026-07-25 05:02:51.875858826-03:00,2026-07-25 05:04:16.920708864-03:00,2026-07-25 05:31:15.987135060-03:00
ord_004934,2026-07-25 05:03:00-03:00,store_064,grocery,zone_4,-34.58652816799994,-58.418446377862594,-34.63715327295664,-58.45183795371475,6.405,2026-07-25 05:07:10.953357156-03:00,2026-07-25 05:09:22.928071536-03:00,2026-07-25 05:28:35.687363310-03:00,2026-07-25 05:33:35.193996888-03:00,2026-07-25 06:00:32.444546178-03:00
ord_011996,2026-07-25 05:37:00-03:00,store_001,food,zone_4,-34.60611215602479,-58.42716970801279,-34.55760145175795,-58.44206578972871,5.564,2026-07-25 05:39:55.289670780-03:00,2026-07-25 05:42:36.196487748-03:00,2026-07-25 06:02:22.133544276-03:00,2026-07-25 06:11:12.859590318-03:00,2026-07-25 06:37:24.074841882-03:00
ord_008927,2026-07-25 06:16:00-03:00,store_006,food,zone_8,-34.57388602980096,-58.386093284422465,-34.597675098092026,-58.41752974674848,3.909,2026-07-25 06:18:11.199824454-03:00,2026-07-25 06:21:55.257001104-03:00,2026-07-25 06:34:49.107603144-03:00,2026-07-25 06:37:38.091055578-03:00,2026-07-25 06:59:37.868527596-03:00
ord_010907,2026-07-25 07:05:00-03:00,store_009,pharmacy,zone_4,-34.60496140621044,-58.41486417923656,-34.64304709011943,-58.3518363716423,7.155,2026-07-25 07:07:39.391586088-03:00,2026-07-25 07:08:10.935107075-03:00,2026-07-25 07:27:42.923203919-03:00,2026-07-25 07:29:54.479968289-03:00,2026-07-25 08:01:53.144627891-03:00
ord_002037,2026-07-25 09:30:00-03:00,store_032,food,zone_0,-34.61741746418618,-58.44022563886041,-34.57323134862111,-58.40298816995774,5.98,2026-07-25 09:33:29.139429102-03:00,2026-07-25 09:35:09.637789542-03:00,2026-07-25 09:57:12.533812494-03:00,2026-07-25 10:28:49.223500956-03:00,2026-07-25 10:54:49.989724614-03:00
ord_004954,2026-07-25 11:17:00-03:00,store_041,food,zone_7,-34.56673218039421,-58.39551994179787,-34.57808646684768,-58.44571977318028,4.766,2026-07-25 11:17:30-03:00,2026-07-25 11:18:52.350880164-03:00,2026-07-25 11:32:33.543130692-03:00,2026-07-25 11:37:52.711063458-03:00,2026-07-25 11:59:35.527158558-03:00
ord_007705,2026-07-25 12:31:00-03:00,store_025,pharmacy,zone_2,-34.6305361292148,-58.38680427540933,-34.55776396811458,-58.40857828342258,8.334,2026-07-25 12:34:30.442822145-03:00,2026-07-25 12:36:03.750737645-03:00,2026-07-25 13:09:01.836221327-03:00,2026-07-25 13:11:17.273772755-03:00,2026-07-25 13:48:45.344867159-03:00
ord_002619,2026-07-25 13:30:00-03:00,store_024,pharmacy,zone_8,-34.57216165029262,-58.378762382484446,-34.5772912304819,-58.41831298636489,3.666,2026-07-25 13:33:34.290017622-03:00,2026-07-25 13:36:20.045814444-03:00,2026-07-25 13:54:20.034272844-03:00,2026-07-25 13:55:04.995371790-03:00,2026-07-25 14:19:58.396841664-03:00
ord_006489,2026-07-25 14:28:00-03:00,store_059,food,zone_0,-34.638546992646404,-58.46924510001008,-34.61061530591109,-58.389370276039095,7.941,2026-07-25 14:30:35.481246348-03:00,2026-07-25 14:33:11.467679736-03:00,2026-07-25 15:03:06.304434552-03:00,2026-07-25 15:04:05.512836810-03:00,2026-07-25 15:43:13.053301200-03:00
ord_007374,2026-07-25 19:55:00-03:00,store_052,pharmacy,zone_7,-34.571307562249785,-58.40446205183895,-34.60682476694208,-58.47754087327334,7.768,2026-07-25 19:59:41.211951024-03:00,2026-07-25 19:59:53.211951024-03:00,2026-07-25 20:30:02.344720566-03:00,2026-07-25 20:31:40.236707742-03:00,2026-07-25 21:07:42.422660664-03:00
ord_008560,2026-07-25 21:41:00-03:00,store_074,food,zone_0,-34.64416972583109,-58.46588515365239,-34.60456589277246,-58.3969063788316,7.696,2026-07-25 21:42:58.561403010-03:00,2026-07-25 21:45:34.328332614-03:00,2026-07-25 22:16:54.496525134-03:00,2026-07-25 22:18:48.925169520-03:00,2026-07-25 22:59:13.417160262-03:00
ord_010820,2026-07-25 21:53:00-03:00,store_015,grocery,zone_1,-34.62727612782152,-58.398063262894546,-34.5571077897099,-58.475758560130146,10.557,2026-07-25 21:54:11.808926226-03:00,2026-07-25 21:56:32.805389052-03:00,2026-07-25 22:31:55.789026324-03:00,2026-07-25 22:34:24.736865178-03:00,2026-07-25 23:33:05.989901232-03:00
ord_011083,2026-07-25 22:52:00-03:00,store_019,grocery,zone_5,-34.58683356008779,-58.35495330360857,-34.610356860128256,-58.35029007860054,2.65,2026-07-25 22:55:08.458936337-03:00,2026-07-25 22:55:47.023273481-03:00,2026-07-25 23:10:32.772035525-03:00,2026-07-25 23:13:17.823257687-03:00,2026-07-25 23:27:17.217126569-03:00
ord_011843,2026-07-25 23:06:00-03:00,store_071,food,zone_5,-34.60914713562754,-58.36349909966083,-34.607017125994766,-58.38565324181591,2.041,2026-07-25 23:09:07.482005832-03:00,2026-07-25 23:10:59.845615578-03:00,2026-07-25 23:26:12.863245596-03:00,2026-07-25 23:34:49.699499850-03:00,2026-07-25 23:49:12.914124078-03:00
ord_002003,2026-07-25 23:55:00-03:00,store_028,food,zone_0,-34.63457105079324,-58.46746917492004,-34.62397081860647,-58.45253830953334,1.804,2026-07-25 23:57:41.260651218-03:00,2026-07-26 00:00:36.138518670-03:00,2026-07-26 00:12:35.279504706-03:00,2026-07-26 00:58:18.726616236-03:00,2026-07-26 01:12:03.970790796-03:00
ord_010413,2026-07-26 01:59:00-03:00,store_035,food,zone_2,-34.63105286409157,-58.36864014306799,-34.61173752396671,-58.362846998900835,2.212,2026-07-26 02:00:04.130600957-03:00,2026-07-26 02:02:59.461256657-03:00,2026-07-26 02:13:43.529223353-03:00,2026-07-26 02:22:06.736703236-03:00,2026-07-26 02:33:38.614575681-03:00
ord_003584,2026-07-26 02:02:00-03:00,store_007,food,zone_7,-34.5713935694723,-58.41995596006732,-34.61856883312721,-58.44856354750366,5.863,2026-07-26 02:05:22.994117898-03:00,2026-07-26 02:07:16.811057928-03:00,2026-07-26 02:23:00.228094524-03:00,2026-07-26 02:44:13.410594696-03:00,2026-07-26 03:09:01.293467250-03:00
ord_009549,2026-07-26 03:43:00-03:00,store_038,pharmacy,zone_1,-34.62730906509491,-58.42382790482924,-34.56310835900586,-58.434403303062226,7.204,2026-07-26 03:50:02.260337580-03:00,2026-07-26 03:50:59.348980188-03:00,2026-07-26 04:13:04.306100046-03:00,2026-07-26 04:14:09.466132302-03:00,2026-07-26 04:42:14.772580764-03:00
ord_001440,2026-07-26 04:47:00-03:00,store_028,pharmacy,zone_0,-34.63457105079324,-58.46746917492004,-34.59218592331657,-58.373942012993,9.771,2026-07-26 04:51:45.063420456-03:00,2026-07-26 04:54:59.931187308-03:00,2026-07-26 05:16:21.866204412-03:00,2026-07-26 05:18:26.816516346-03:00,2026-07-26 06:01:56.464288920-03:00
ord_003605,2026-07-26 05:34:00-03:00,store_003,food,zone_6,-34.58026319709406,-58.458293520412,-34.63265651918163,-58.40697658077042,7.483,2026-07-26 05:37:34.261246902-03:00,2026-07-26 05:38:52.405355238-03:00,2026-07-26 05:57:09.886063896-03:00,2026-07-26 05:58:40.445169509-03:00,2026-07-26 06:34:59.002481855-03:00
ord_003310,2026-07-26 07:00:00-03:00,store_054,food,zone_7,-34.57948346213736,-58.403180986107415,-34.567132482113344,-58.44673044952835,4.217,2026-07-26 07:03:46.099806840-03:00,2026-07-26 07:05:00.043335198-03:00,2026-07-26 07:15:57.827581272-03:00,2026-07-26 07:17:59.437584258-03:00,2026-07-26 07:32:09.915708960-03:00
ord_004486,2026-07-26 07:40:00-03:00,store_066,pharmacy,zone_3,-34.59407928392546,-58.436896030345466,-34.5720315366459,-58.45985010621978,3.229,2026-07-26 07:41:53.089955328-03:00,2026-07-26 07:44:41.528352300-03:00,2026-07-26 08:02:30.472422954-03:00,2026-07-26 08:03:03.365821692-03:00,2026-07-26 08:19:29.591584506-03:00
ord_009268,2026-07-26 08:02:00-03:00,store_045,grocery,zone_7,-34.56952356425032,-58.41578119349821,-34.64627095812923,-58.35479520338204,10.197,2026-07-26 08:05:36.552013332-03:00,2026-07-26 08:07:11.827130754-03:00,2026-07-26 08:36:15.473667456-03:00,2026-07-26 08:38:07.657836486-03:00,2026-07-26 09:18:37.500192864-03:00
ord_010411,2026-07-26 12:21:00-03:00,store_042,food,zone_6,-34.57997348979977,-58.46902223825181,-34.55983817982099,-58.355475128851495,10.635,2026-07-26 12:22:41.310107124-03:00,2026-07-26 12:25:00.768972504-03:00,2026-07-26 12:58:16.413329724-03:00,2026-07-26 12:58:48.802258446-03:00,2026-07-26 13:47:21.936081618-03:00
ord_002746,2026-07-26 12:38:00-03:00,store_054,food,zone_7,-34.57948346213736,-58.403180986107415,-34.63283938918701,-58.46621429521127,8.275,2026-07-26 12:42:09.149406138-03:00,2026-07-26 12:43:08.835863040-03:00,2026-07-26 13:09:04.224981384-03:00,2026-07-26 13:09:51.390295146-03:00,2026-07-26 13:53:14.328670278-03:00
ord_007638,2026-07-26 13:02:00-03:00,store_060,food,zone_7,-34.583159703820954,-58.41673441699104,-34.62462979331204,-58.433430216296586,4.858,2026-07-26 13:06:50.345794584-03:00,2026-07-26 13:10:25.223601324-03:00,2026-07-26 13:29:31.037040852-03:00,2026-07-26 13:38:10.777232538-03:00,2026-07-26 14:08:28.851082134-03:00
ord_011685,2026-07-26 14:40:00-03:00,store_064,grocery,zone_4,-34.58652816799994,-58.418446377862594,-34.5674050101276,-58.476078414009585,5.689,2026-07-26 14:43:09.356055726-03:00,2026-07-26 14:44:09.981465432-03:00,2026-07-26 14:58:06.825293628-03:00,2026-07-26 15:06:38.803794534-03:00,2026-07-26 15:39:14.579672622-03:00
ord_005394,2026-07-26 17:30:00-03:00,store_012,grocery,zone_4,-34.58561348799193,-58.421999684175375,-34.64569575460745,-58.42044178464323,6.682,2026-07-26 17:33:26.153987544-03:00,2026-07-26 17:36:38.400791736-03:00,2026-07-26 17:55:35.311910844-03:00,2026-07-26 17:56:23.410930518-03:00,2026-07-26 18:25:19.411513050-03:00
ord_001076,2026-07-26 17:38:00-03:00,store_019,food,zone_5,-34.58683356008779,-58.35495330360857,-34.55884155910579,-58.362261480401195,3.184,2026-07-26 17:40:32.496562739-03:00,2026-07-26 17:42:12.087932165-03:00,2026-07-26 17:58:09.353475611-03:00,2026-07-26 18:11:01.833126809-03:00,2026-07-26 18:28:09.178234379-03:00
ord_009166,2026-07-26 18:18:00-03:00,store_067,food,zone_1,-34.619604990193736,-58.4123125876787,-34.57903384902444,-58.4245596124917,4.648,2026-07-26 18:20:48.450745200-03:00,2026-07-26 18:21:44.602040382-03:00,2026-07-26 18:37:07.330523928-03:00,2026-07-26 18:42:01.064515836-03:00,2026-07-26 19:05:41.543422590-03:00
ord_011268,2026-07-26 18:57:00-03:00,store_035,food,zone_2,-34.63105286409157,-58.36864014306799,-34.56052890119746,-58.385939969965,8.0,2026-07-26 19:01:51.246855624-03:00,2026-07-26 19:03:11.837548506-03:00,2026-07-26 19:21:20.974059276-03:00,2026-07-26 19:23:27.762850878-03:00,2026-07-26 19:57:58.683840168-03:00
ord_006258,2026-07-26 18:58:00-03:00,store_069,food,zone_3,-34.60632826107676,-58.477190429615554,-34.64407412198703,-58.35534961212899,11.912,2026-07-26 19:01:14.245635186-03:00,2026-07-26 19:01:54.040037526-03:00,2026-07-26 19:33:16.685783424-03:00,2026-07-26 20:13:04.535645028-03:00,2026-07-26 20:52:40.614367674-03:00
ord_004715,2026-07-26 19:09:00-03:00,store_032,food,zone_0,-34.61741746418618,-58.44022563886041,-34.58324623108417,-58.38230196926906,6.523,2026-07-26 19:11:27.218862678-03:00,2026-07-26 19:12:05.708359650-03:00,2026-07-26 19:37:54.445939014-03:00,2026-07-26 19:45:07.540487898-03:00,2026-07-26 20:22:57.371381682-03:00
ord_008321,2026-07-26 19:29:00-03:00,store_021,grocery,zone_5,-34.61454740318701,-58.389038072604606,-34.57901312131353,-58.430076790241145,5.452,2026-07-26 19:29:30-03:00,2026-07-26 19:30:22.437837594-03:00,2026-07-26 20:00:50.621329326-03:00,2026-07-26 20:01:28.747148826-03:00,2026-07-26 20:28:15.845750844-03:00
ord_002982,2026-07-26 19:37:00-03:00,store_041,grocery,zone_7,-34.56673218039421,-58.39551994179787,-34.579860132239176,-58.43104459305026,3.565,2026-07-26 19:42:14.558001132-03:00,2026-07-26 19:45:49.578094836-03:00,2026-07-26 20:08:03.210960426-03:00,2026-07-26 20:08:34.139008074-03:00,2026-07-26 20:33:32.486163744-03:00
ord_001756,2026-07-26 20:14:00-03:00,store_036,pharmacy,zone_2,-34.63700784946645,-58.38139246112142,-34.5511632376741,-58.35816284666288,9.779,2026-07-26 20:16:48.189444228-03:00,2026-07-26 20:20:19.423609554-03:00,2026-07-26 20:50:15.492645762-03:00,2026-07-26 20:51:57.752097906-03:00,2026-07-26 21:42:40.851257538-03:00
ord_009085,2026-07-26 20:18:00-03:00,store_069,grocery,zone_3,-34.60632826107676,-58.477190429615554,-34.574130209421675,-58.40795905502233,7.279,2026-07-26 20:19:57.536125128-03:00,2026-07-26 20:20:29.792363226-03:00,2026-07-26 20:48:17.356383558-03:00,2026-07-26 20:50:21.253517268-03:00,2026-07-26 21:33:07.372973532-03:00
ord_003273,2026-07-26 22:15:00-03:00,store_044,pharmacy,zone_6,-34.566774019860475,-58.47459015739795,-34.63170339645866,-58.44899417403659,7.59,2026-07-26 22:19:59.972995818-03:00,2026-07-26 22:23:15.951062117-03:00,2026-07-26 22:48:10.349864921-03:00,2026-07-26 22:50:37.241047259-03:00,2026-07-26 23:27:23.418051761-03:00
ord_009140,2026-07-26 22:23:00-03:00,store_031,grocery,zone_6,-34.553249026756575,-58.453692762576615,-34.61491778797944,-58.36483765952444,10.639,2026-07-26 22:26:29.381748966-03:00,2026-07-26 22:28:37.682932782-03:00,2026-07-26 22:50:18.170209110-03:00,2026-07-26 22:52:46.916096808-03:00,2026-07-26 23:36:37.203154590-03:00
ord_002466,2026-07-26 22:39:00-03:00,store_074,food,zone_0,-34.64416972583109,-58.46588515365239,-34.590210974755514,-58.41981360588038,7.333,2026-07-26 22:42:30.986802185-03:00,2026-07-26 22:44:27.916591253-03:00,2026-07-26 23:07:05.343343685-03:00,2026-07-26 23:08:32.880959891-03:00,2026-07-26 23:40:49.009772699-03:00
ord_011665,2026-07-26 23:55:00-03:00,store_041,grocery,zone_7,-34.56673218039421,-58.39551994179787,-34.57776177793983,-58.381674538658295,1.764,2026-07-26 23:59:29.282879352-03:00,2026-07-27 00:00:19.297396404-03:00,2026-07-27 00:15:41.326990476-03:00,2026-07-27 00:17:32.786133300-03:00,2026-07-27 00:27:23.140507104-03:00
ord_007178,2026-07-27 01:16:00-03:00,store_062,grocery,zone_5,-34.59347638935188,-58.358082560853255,-34.64136427321412,-58.382491666022474,5.774,2026-07-27 01:18:40.818694098-03:00,2026-07-27 01:20:37.465608516-03:00,2026-07-27 01:40:57.645368970-03:00,2026-07-27 01:42:51.116287734-03:00,2026-07-27 02:08:58.196038560-03:00
ord_002758,2026-07-27 03:06:00-03:00,store_058,food,zone_2,-34.63602030018723,-58.37824442045746,-34.57858340321319,-58.38942914775218,6.468,2026-07-27 03:08:47.392956438-03:00,2026-07-27 03:11:37.579426740-03:00,2026-07-27 03:34:51.308038824-03:00,2026-07-27 03:51:51.170109534-03:00,2026-07-27 04:23:27.452982636-03:00
ord_007132,2026-07-27 05:19:00-03:00,store_020,pharmacy,zone_8,-34.57419122599146,-58.361884510208014,-34.56785450978442,-58.418925439030694,5.27,2026-07-27 05:24:20.225585454-03:00,2026-07-27 05:28:01.614211218-03:00,2026-07-27 05:42:26.273517960-03:00,2026-07-27 05:43:31.104538854-03:00,2026-07-27 06:08:00.620892858-03:00
ord_005201,2026-07-27 05:26:00-03:00,store_019,food,zone_5,-34.58683356008779,-58.35495330360857,-34.55791234235004,-58.385394460228106,4.256,2026-07-27 05:28:23.919682734-03:00,2026-07-27 05:31:18.857494032-03:00,2026-07-27 05:51:04.167954-03:00,2026-07-27 06:07:39.990423383-03:00,2026-07-27 06:21:20.230701965-03:00
ord_009470,2026-07-27 07:14:00-03:00,store_061,grocery,zone_4,-34.602890379385684,-58.41620809073391,-34.63038737832436,-58.47639432185358,6.299,2026-07-27 07:17:58.780228344-03:00,2026-07-27 07:20:20.518351008-03:00,2026-07-27 07:41:17.421462054-03:00,2026-07-27 07:44:02.073019320-03:00,2026-07-27 08:16:53.694664488-03:00
ord_007124,2026-07-27 13:07:00-03:00,store_004,food,zone_0,-34.640582265211236,-58.4770474304926,-34.64442032499873,-58.37261815031687,9.563,2026-07-27 13:11:12.650382102-03:00,2026-07-27 13:13:47.472903222-03:00,2026-07-27 13:38:20.070534732-03:00,2026-07-27 13:38:46.549585308-03:00,2026-07-27 14:19:11.141711604-03:00
ord_003867,2026-07-27 13:11:00-03:00,store_033,food,zone_4,-34.61295402939651,-58.40470145603755,-34.575204645790485,-58.37850200481201,4.834,2026-07-27 13:13:45.762675210-03:00,2026-07-27 13:16:10.652163516-03:00,2026-07-27 13:33:09.008815398-03:00,2026-07-27 13:34:22.704842880-03:00,2026-07-27 14:03:33.630958410-03:00
ord_009199,2026-07-27 13:39:00-03:00,store_021,grocery,zone_5,-34.61454740318701,-58.389038072604606,-34.59693843853412,-58.474852228728665,8.094,2026-07-27 13:42:31.842184254-03:00,2026-07-27 13:43:46.077116106-03:00,2026-07-27 14:17:01.249257024-03:00,2026-07-27 14:19:06.191128800-03:00,2026-07-27 14:58:49.222828104-03:00
ord_011946,2026-07-27 14:46:00-03:00,store_053,grocery,zone_4,-34.583514914340796,-58.434906925410466,-34.595147240117086,-58.45018775298222,1.905,2026-07-27 14:50:46.840183572-03:00,2026-07-27 14:53:54.498021438-03:00,2026-07-27 15:10:38.966160276-03:00,2026-07-27 15:12:16.136175378-03:00,2026-07-27 15:25:16.450717488-03:00
ord_011048,2026-07-27 16:29:00-03:00,store_066,food,zone_3,-34.59407928392546,-58.436896030345466,-34.60140827523573,-58.43503099000018,0.833,2026-07-27 16:31:22.169044572-03:00,2026-07-27 16:33:10.189287414-03:00,2026-07-27 16:43:59.821904862-03:00,2026-07-27 16:47:38.709197634-03:00,2026-07-27 16:55:02.174873364-03:00
ord_002527,2026-07-27 16:58:00-03:00,store_058,food,zone_2,-34.63602030018723,-58.37824442045746,-34.630868508000894,-58.44584511897317,6.211,2026-07-27 17:00:27.528856506-03:00,2026-07-27 17:00:58.354605036-03:00,2026-07-27 17:22:15.993138966-03:00,2026-07-27 17:23:35.184626778-03:00,2026-07-27 17:48:30.209028390-03:00
ord_002228,2026-07-27 17:04:00-03:00,store_040,grocery,zone_4,-34.60628480811277,-58.404067264041345,-34.604265933815434,-58.39697145145928,0.687,2026-07-27 17:07:05.427623094-03:00,2026-07-27 17:10:07.627193124-03:00,2026-07-27 17:23:19.433372280-03:00,2026-07-27 17:24:26.886481308-03:00,2026-07-27 17:28:26.886481308-03:00
ord_008175,2026-07-27 17:18:00-03:00,store_008,food,zone_0,-34.637188636732446,-58.45903466872563,-34.6465570582396,-58.35589157128933,9.493,2026-07-27 17:21:11.154758364-03:00,2026-07-27 17:23:05.215734486-03:00,2026-07-27 17:55:52.622968794-03:00,2026-07-27 17:57:22.880062284-03:00,2026-07-27 18:35:05.016716184-03:00
ord_008458,2026-07-27 17:35:00-03:00,store_001,grocery,zone_4,-34.60611215602479,-58.42716970801279,-34.620827178165236,-58.39704438125885,3.206,2026-07-27 17:38:39.180932814-03:00,2026-07-27 17:41:35.875538322-03:00,2026-07-27 17:55:14.035368744-03:00,2026-07-27 17:57:00.765573108-03:00,2026-07-27 18:12:16.308898128-03:00
ord_000737,2026-07-27 19:45:00-03:00,store_052,pharmacy,zone_7,-34.571307562249785,-58.40446205183895,-34.63818867995952,-58.46517357684635,9.283,2026-07-27 19:47:06.161236812-03:00,2026-07-27 19:48:03.766601646-03:00,2026-07-27 20:21:38.762055984-03:00,2026-07-27 20:23:33.486700164-03:00,2026-07-27 21:13:01.365079452-03:00
ord_009849,2026-07-27 20:00:00-03:00,store_059,food,zone_0,-34.638546992646404,-58.46924510001008,-34.6490016085339,-58.385269208268305,7.77,2026-07-27 20:05:40.848434256-03:00,2026-07-27 20:08:14.590965630-03:00,2026-07-27 20:38:45.102581418-03:00,2026-07-27 20:40:05.137854384-03:00,2026-07-27 21:24:46.451075676-03:00
ord_003940,2026-07-27 21:09:00-03:00,store_020,food,zone_8,-34.57419122599146,-58.361884510208014,-34.61360964439089,-58.376429727074616,4.581,2026-07-27 21:16:30.679687302-03:00,2026-07-27 21:17:35.524933608-03:00,2026-07-27 21:46:38.178782964-03:00,2026-07-27 21:47:16.043207724-03:00,2026-07-27 22:21:13.890125172-03:00
ord_004941,2026-07-27 21:11:00-03:00,store_011,food,zone_8,-34.557323501115135,-58.389478351239894,-34.60743248177188,-58.39497266712991,5.595,2026-07-27 21:14:06.591211158-03:00,2026-07-27 21:14:18.591211158-03:00,2026-07-27 21:43:41.936502576-03:00,2026-07-27 21:45:20.784485904-03:00,2026-07-27 22:23:40.621750872-03:00
ord_004080,2026-07-27 22:48:00-03:00,store_056,grocery,zone_5,-34.60410842244617,-58.355387302278615,-34.61468489206263,-58.38813515935108,3.22,2026-07-27 22:51:42.162842028-03:00,2026-07-27 22:54:18.957401412-03:00,2026-07-27 23:10:28.381364256-03:00,2026-07-27 23:11:49.421572590-03:00,2026-07-27 23:24:45.566045160-03:00
ord_009779,2026-07-27 23:05:00-03:00,store_017,pharmacy,zone_0,-34.64361827438958,-58.468605510488906,-34.62434992187845,-58.472788569746015,2.176,2026-07-27 23:08:44.710988814-03:00,2026-07-27 23:11:35.342874132-03:00,2026-07-27 23:18:43.214575554-03:00,2026-07-27 23:19:53.164116090-03:00,2026-07-27 23:33:04.097636892-03:00
ord_009883,2026-07-28 02:55:00-03:00,store_004,pharmacy,zone_0,-34.640582265211236,-58.4770474304926,-34.587669744360994,-58.38780828762827,10.065,2026-07-28 02:57:38.870010234-03:00,2026-07-28 02:59:00.324453858-03:00,2026-07-28 03:23:41.115201-03:00,2026-07-28 03:24:29.934865452-03:00,2026-07-28 03:59:53.189456574-03:00
ord_005561,2026-07-28 03:20:00-03:00,store_045,grocery,zone_7,-34.56952356425032,-58.41578119349821,-34.60456050025154,-58.475704723836664,6.728,2026-07-28 03:21:48.588700050-03:00,2026-07-28 03:23:57.386871456-03:00,2026-07-28 03:45:47.821540836-03:00,2026-07-28 03:46:49.909328112-03:00,2026-07-28 04:16:21.959261573-03:00
ord_000518,2026-07-28 06:40:00-03:00,store_010,grocery,zone_3,-34.61292019757674,-58.460199426647286,-34.63864579798802,-58.364587434458514,9.204,2026-07-28 06:45:04.217313113-03:00,2026-07-28 06:49:17.859430577-03:00,2026-07-28 07:10:19.733911121-03:00,2026-07-28 07:12:23.551426589-03:00,2026-07-28 07:43:35.842170299-03:00
ord_008895,2026-07-28 06:49:00-03:00,store_037,grocery,zone_5,-34.6024295073774,-58.38646981572638,-34.585388166959916,-58.37026812242442,2.406,2026-07-28 06:52:42.617361588-03:00,2026-07-28 06:53:25.365234672-03:00,2026-07-28 07:09:27.962851782-03:00,2026-07-28 07:09:45.962851782-03:00,2026-07-28 07:23:34.356340716-03:00
ord_000010,2026-07-28 07:03:00-03:00,store_009,food,zone_4,-34.60496140621044,-58.41486417923656,-34.64858238461813,-58.44189039181901,5.444,2026-07-28 07:04:40.033697952-03:00,2026-07-28 07:06:44.193265464-03:00,2026-07-28 07:24:23.950390362-03:00,2026-07-28 07:25:28.703211366-03:00,2026-07-28 07:47:39.487838922-03:00
ord_001098,2026-07-28 08:08:00-03:00,store_050,food,zone_0,-34.630009179752484,-58.4578229140902,-34.55107634530759,-58.44582788283521,8.845,2026-07-28 08:10:02.232316716-03:00,2026-07-28 08:12:23.969866158-03:00,2026-07-28 08:35:58.674530760-03:00,2026-07-28 08:38:32.262382301-03:00,2026-07-28 09:12:59.695837193-03:00
ord_009369,2026-07-28 08:10:00-03:00,store_038,food,zone_1,-34.62730906509491,-58.42382790482924,-34.62791643643513,-58.431583702590316,0.713,2026-07-28 08:14:55.907810508-03:00,2026-07-28 08:18:12.414951455-03:00,2026-07-28 08:27:40.186255901-03:00,2026-07-28 08:35:52.295151726-03:00,2026-07-28 08:43:40.282426314-03:00
ord_001152,2026-07-28 09:15:00-03:00,store_014,pharmacy,zone_3,-34.605658580117264,-58.440803428410774,-34.603563782405885,-58.425779798894766,1.395,2026-07-28 09:16:13.430922204-03:00,2026-07-28 09:19:48.625500264-03:00,2026-07-28 09:28:39.604850508-03:00,2026-07-28 09:29:57.858658506-03:00,2026-07-28 09:44:17.064141240-03:00
ord_010194,2026-07-28 09:36:00-03:00,store_069,pharmacy,zone_3,-34.60632826107676,-58.477190429615554,-34.64445044915943,-58.41116886069591,7.38,2026-07-28 09:38:11.925234960-03:00,2026-07-28 09:38:23.925234960-03:00,2026-07-28 10:04:17.267761638-03:00,2026-07-28 10:05:27.876449274-03:00,2026-07-28 10:36:15.030651774-03:00
ord_003551,2026-07-28 10:11:00-03:00,store_049,food,zone_1,-34.63602475163907,-58.403606205616896,-34.55904240823372,-58.37182822759555,9.041,2026-07-28 10:15:20.616190158-03:00,2026-07-28 10:15:56.575475898-03:00,2026-07-28 10:44:16.299745176-03:00,2026-07-28 10:46:09.036789732-03:00,2026-07-28 11:23:44.505589584-03:00
ord_000547,2026-07-28 10:24:00-03:00,store_025,food,zone_2,-34.6305361292148,-58.38680427540933,-34.61478741783995,-58.47986878624256,8.694,2026-07-28 10:27:27.572851680-03:00,2026-07-28 10:29:19.994370882-03:00,2026-07-28 10:51:04.909829688-03:00,2026-07-28 11:08:02.228017722-03:00,2026-07-28 11:43:25.331985312-03:00
ord_003720,2026-07-28 12:03:00-03:00,store_072,pharmacy,zone_6,-34.56465969267318,-58.46176761843018,-34.5985647319923,-58.415277075130305,5.686,2026-07-28 12:05:09.864596814-03:00,2026-07-28 12:06:05.427403614-03:00,2026-07-28 12:33:49.991897436-03:00,2026-07-28 12:35:45.067259742-03:00,2026-07-28 13:06:15.413873052-03:00
ord_000729,2026-07-28 12:31:00-03:00,store_009,food,zone_4,-34.60496140621044,-58.41486417923656,-34.597589142513065,-58.395942972753254,1.916,2026-07-28 12:31:30-03:00,2026-07-28 12:33:28.399041756-03:00,2026-07-28 12:42:42.604203798-03:00,2026-07-28 13:05:29.997872940-03:00,2026-07-28 13:17:28.766032890-03:00
ord_005631,2026-07-28 14:44:00-03:00,store_017,food,zone_0,-34.64361827438958,-58.468605510488906,-34.62175021553626,-58.456644922736764,2.667,2026-07-28 14:48:23.212575324-03:00,2026-07-28 14:50:43.952860452-03:00,2026-07-28 15:01:29.719683534-03:00,2026-07-28 15:11:03.798061152-03:00,2026-07-28 15:29:55.509238518-03:00
ord_006289,2026-07-28 15:14:00-03:00,store_075,food,zone_2,-34.6218616107978,-58.39260878790483,-34.55710829301073,-58.35656427573916,7.92,2026-07-28 15:17:14.385765234-03:00,2026-07-28 15:19:47.741579993-03:00,2026-07-28 15:43:32.155839317-03:00,2026-07-28 15:45:33.101506566-03:00,2026-07-28 16:19:59.637349914-03:00
ord_008346,2026-07-28 16:07:00-03:00,store_076,food,zone_0,-34.62064062422333,-58.443439608100924,-34.61550902367975,-58.415244862464625,2.642,2026-07-28 16:09:16.560621234-03:00,2026-07-28 16:11:00.129560928-03:00,2026-07-28 16:19:28.358190054-03:00,2026-07-28 16:35:31.389284310-03:00,2026-07-28 16:53:29.972286336-03:00
ord_009761,2026-07-28 16:19:00-03:00,store_044,food,zone_6,-34.566774019860475,-58.47459015739795,-34.55970202497904,-58.36106446793242,10.425,2026-07-28 16:22:20.356631898-03:00,2026-07-28 16:22:32.356631898-03:00,2026-07-28 16:50:20.569574994-03:00,2026-07-28 17:01:32.076521250-03:00,2026-07-28 17:39:34.163216514-03:00
ord_011030,2026-07-28 17:51:00-03:00,store_034,grocery,zone_3,-34.603044418872415,-58.4570195382179,-34.55246854694461,-58.44270666128595,5.774,2026-07-28 17:53:13.937132244-03:00,2026-07-28 17:55:49.169432802-03:00,2026-07-28 18:19:16.226029866-03:00,2026-07-28 18:20:33.479464908-03:00,2026-07-28 18:47:31.468667490-03:00
ord_008226,2026-07-28 20:55:00-03:00,store_068,pharmacy,zone_1,-34.646918216543206,-58.42294151016034,-34.60209202720938,-58.35162284932931,8.212,2026-07-28 20:55:41.170310736-03:00,2026-07-28 20:57:19.520166918-03:00,2026-07-28 21:26:43.723253994-03:00,2026-07-28 21:28:33.303435396-03:00,2026-07-28 22:14:43.318158054-03:00
ord_000777,2026-07-28 23:26:00-03:00,store_065,pharmacy,zone_3,-34.594642059934195,-58.44529316379805,-34.64654207510891,-58.41350068417361,6.463,2026-07-28 23:28:59.854171362-03:00,2026-07-28 23:31:06.676624752-03:00,2026-07-28 23:55:39.800562402-03:00,2026-07-28 23:57:54.796700190-03:00,2026-07-29 00:21:45.139784124-03:00
ord_008080,2026-07-29 00:09:00-03:00,store_062,food,zone_5,-34.59347638935188,-58.358082560853255,-34.60787543855209,-58.465292402361534,9.942,2026-07-29 00:12:15.487195560-03:00,2026-07-29 00:14:24.454581756-03:00,2026-07-29 00:39:48.091330560-03:00,2026-07-29 00:42:47.786497500-03:00,2026-07-29 01:22:56.208169314-03:00
ord_006789,2026-07-29 01:39:00-03:00,store_017,food,zone_0,-34.64361827438958,-58.468605510488906,-34.55552257779323,-58.40519751816954,11.386,2026-07-29 01:40:25.016334102-03:00,2026-07-29 01:43:04.480819254-03:00,2026-07-29 02:14:15.659006526-03:00,2026-07-29 02:15:54.191393004-03:00,2026-07-29 02:57:52.200129024-03:00
ord_007071,2026-07-29 01:59:00-03:00,store_060,food,zone_7,-34.583159703820954,-58.41673441699104,-34.55706030348047,-58.35508296632237,6.347,2026-07-29 02:03:52.744276302-03:00,2026-07-29 02:05:38.708142012-03:00,2026-07-29 02:27:40.854174486-03:00,2026-07-29 02:54:35.492195082-03:00,2026-07-29 03:20:51.723727788-03:00
ord_008973,2026-07-29 04:35:00-03:00,store_032,food,zone_0,-34.61741746418618,-58.44022563886041,-34.56985966275313,-58.4118319059253,5.892,2026-07-29 04:40:08.978068482-03:00,2026-07-29 04:40:58.100650788-03:00,2026-07-29 04:56:11.010797334-03:00,2026-07-29 05:25:53.299360716-03:00,2026-07-29 05:52:01.903710726-03:00
ord_003695,2026-07-29 06:33:00-03:00,store_028,grocery,zone_0,-34.63457105079324,-58.46746917492004,-34.64559533121919,-58.428698100227955,3.753,2026-07-29 06:37:52.998183600-03:00,2026-07-29 06:41:22.142550750-03:00,2026-07-29 06:56:34.216560114-03:00,2026-07-29 07:04:51.761666646-03:00,2026-07-29 07:23:40.998288546-03:00
ord_001935,2026-07-29 08:37:00-03:00,store_060,food,zone_7,-34.583159703820954,-58.41673441699104,-34.572009055960926,-58.36073062551473,5.275,2026-07-29 08:39:37.288069266-03:00,2026-07-29 08:40:47.188823274-03:00,2026-07-29 08:57:40.862130930-03:00,2026-07-29 09:00:07.619308056-03:00,2026-07-29 09:20:53.029725654-03:00
ord_005460,2026-07-29 09:15:00-03:00,store_020,food,zone_8,-34.57419122599146,-58.361884510208014,-34.62178386242842,-58.410618762510076,6.921,2026-07-29 09:16:22.851930198-03:00,2026-07-29 09:18:09.225500886-03:00,2026-07-29 09:40:51.260907684-03:00,2026-07-29 09:47:01.963496022-03:00,2026-07-29 10:16:36.757691250-03:00
ord_005951,2026-07-29 10:03:00-03:00,store_022,food,zone_6,-34.55293019756051,-58.44543690501026,-34.56564729008483,-58.45096004307632,1.502,2026-07-29 10:05:01.327114320-03:00,2026-07-29 10:06:14.371815138-03:00,2026-07-29 10:16:13.246227240-03:00,2026-07-29 10:36:47.467990494-03:00,2026-07-29 10:44:18.270469500-03:00
ord_004910,2026-07-29 10:06:00-03:00,store_075,grocery,zone_2,-34.6218616107978,-58.39260878790483,-34.606999329728126,-58.46116725230213,6.488,2026-07-29 10:10:11.068393446-03:00,2026-07-29 10:12:48.816417384-03:00,2026-07-29 10:34:12.750624714-03:00,2026-07-29 10:36:17.413173102-03:00,2026-07-29 11:05:39.744855768-03:00
ord_002385,2026-07-29 10:09:00-03:00,store_078,food,zone_5,-34.59429678476587,-58.385490700142704,-34.63167228663899,-58.42654438207844,5.602,2026-07-29 10:13:48.921873936-03:00,2026-07-29 10:17:04.411270254-03:00,2026-07-29 10:32:51.291261492-03:00,2026-07-29 10:34:34.629166164-03:00,2026-07-29 11:00:48.801434766-03:00
ord_000457,2026-07-29 10:54:00-03:00,store_037,food,zone_5,-34.6024295073774,-58.38646981572638,-34.555426852372364,-58.41496647907037,5.841,2026-07-29 10:56:53.411297646-03:00,2026-07-29 10:57:42.189593778-03:00,2026-07-29 11:10:14.115834954-03:00,2026-07-29 11:14:32.479525068-03:00,2026-07-29 11:41:57.239414106-03:00
ord_003322,2026-07-29 11:19:00-03:00,store_041,grocery,zone_7,-34.56673218039421,-58.39551994179787,-34.6309621728396,-58.38249268408141,7.241,2026-07-29 11:22:31.786483098-03:00,2026-07-29 11:24:27.785823378-03:00,2026-07-29 11:39:47.050341948-03:00,2026-07-29 11:40:23.537889198-03:00,2026-07-29 12:07:14.732055534-03:00
ord_010744,2026-07-29 13:34:00-03:00,store_069,food,zone_3,-34.60632826107676,-58.477190429615554,-34.58508357530283,-58.4615814251093,2.761,2026-07-29 13:37:35.724726414-03:00,2026-07-29 13:38:58.668123174-03:00,2026-07-29 13:57:00.665811815-03:00,2026-07-29 13:59:02.847506927-03:00,2026-07-29 14:16:46.915965545-03:00
ord_008738,2026-07-29 16:31:00-03:00,store_005,grocery,zone_6,-34.55243776483632,-58.46829377809917,-34.624999450147556,-58.404805398244605,9.944,2026-07-29 16:34:01.641050142-03:00,2026-07-29 16:36:01.725557166-03:00,2026-07-29 17:02:34.143766295-03:00,2026-07-29 17:04:41.478099077-03:00,2026-07-29 17:40:15.269165284-03:00
ord_010375,2026-07-29 16:55:00-03:00,store_028,grocery,zone_0,-34.63457105079324,-58.46746917492004,-34.59437724696699,-58.415505225537984,6.526,2026-07-29 16:57:23.382820224-03:00,2026-07-29 16:59:52.325243514-03:00,2026-07-29 17:18:49.640642334-03:00,2026-07-29 17:21:27.400017180-03:00,2026-07-29 17:50:35.057468448-03:00
ord_000798,2026-07-29 17:24:00-03:00,store_030,food,zone_7,-34.575523784409214,-58.42074908232163,-34.623701344272504,-58.391232095466,6.0,2026-07-29 17:27:44.610077610-03:00,2026-07-29 17:31:00.952591974-03:00,2026-07-29 17:51:56.872498608-03:00,2026-07-29 17:53:11.198159466-03:00,2026-07-29 18:15:37.636410672-03:00
ord_008663,2026-07-29 18:36:00-03:00,store_067,grocery,zone_1,-34.619604990193736,-58.4123125876787,-34.56351047857899,-58.39197616967189,6.509,2026-07-29 18:38:04.339228788-03:00,2026-07-29 18:38:16.339228788-03:00,2026-07-29 18:58:57.724072044-03:00,2026-07-29 18:59:16.586931342-03:00,2026-07-29 19:28:35.096281980-03:00
ord_008715,2026-07-29 18:47:00-03:00,store_049,pharmacy,zone_1,-34.63602475163907,-58.403606205616896,-34.622243060323974,-58.418473042344495,2.049,2026-07-29 18:50:45.231770586-03:00,2026-07-29 18:52:48.409948080-03:00,2026-07-29 19:06:54.291435168-03:00,2026-07-29 19:09:03.717464106-03:00,2026-07-29 19:19:00.464552976-03:00
ord_009420,2026-07-29 19:53:00-03:00,store_070,grocery,zone_2,-34.628541532718046,-58.372582049854735,-34.58487928178098,-58.38849878083169,5.069,2026-07-29 19:56:23.972518698-03:00,2026-07-29 19:59:09.143225280-03:00,2026-07-29 20:17:04.114623798-03:00,2026-07-29 20:18:34.834202388-03:00,2026-07-29 20:47:19.053243438-03:00
ord_006696,2026-07-29 20:13:00-03:00,store_004,food,zone_0,-34.640582265211236,-58.4770474304926,-34.60896393148746,-58.35648192485475,11.579,2026-07-29 20:17:37.105431378-03:00,2026-07-29 20:19:09.372446412-03:00,2026-07-29 20:58:18.489056844-03:00,2026-07-29 21:00:18.808571832-03:00,2026-07-29 22:00:18.808571832-03:00
ord_003259,2026-07-29 21:08:00-03:00,store_078,grocery,zone_5,-34.59429678476587,-58.385490700142704,-34.58789124815794,-58.44299496319022,5.312,2026-07-29 21:11:16.882083426-03:00,2026-07-29 21:12:44.502584436-03:00,2026-07-29 21:40:31.574719476-03:00,2026-07-29 21:41:58.770873618-03:00,2026-07-29 22:13:13.258163118-03:00
ord_005100,2026-07-29 21:17:00-03:00,store_017,food,zone_0,-34.64361827438958,-58.468605510488906,-34.56379447053256,-58.4326047181901,9.468,2026-07-29 21:23:40.659076350-03:00,2026-07-29 21:26:57.616663134-03:00,2026-07-29 21:59:54.950303358-03:00,2026-07-29 22:00:30.032007480-03:00,2026-07-29 22:55:55.359272850-03:00
ord_009018,2026-07-29 22:41:00-03:00,store_002,pharmacy,zone_8,-34.56414020800886,-58.37417734999342,-34.587101302209284,-58.47835335042021,9.874,2026-07-29 22:44:10.251165864-03:00,2026-07-29 22:44:57.976386624-03:00,2026-07-29 23:12:58.798605150-03:00,2026-07-29 23:14:43.545417264-03:00,2026-07-29 23:54:36.064418814-03:00
ord_005473,2026-07-30 01:50:00-03:00,store_070,food,zone_2,-34.628541532718046,-58.372582049854735,-34.6120703032462,-58.39871709823481,3.012,2026-07-30 01:53:31.094040486-03:00,2026-07-30 01:56:26.097788454-03:00,2026-07-30 02:05:27.324800430-03:00,2026-07-30 02:21:19.604013222-03:00,2026-07-30 02:34:49.377356052-03:00
ord_004197,2026-07-30 02:25:00-03:00,store_005,food,zone_6,-34.55243776483632,-58.46829377809917,-34.55216249233879,-58.452870542481094,1.413,2026-07-30 02:28:30.136430627-03:00,2026-07-30 02:30:46.426683215-03:00,2026-07-30 02:41:45.307606001-03:00,2026-07-30 02:58:34.340330729-03:00,2026-07-30 03:06:21.706691525-03:00
ord_004206,2026-07-30 02:41:00-03:00,store_079,food,zone_8,-34.571610179089355,-58.38007582605071,-34.567420054844305,-58.35162580047661,2.646,2026-07-30 02:45:36.748562328-03:00,2026-07-30 02:47:27.478043748-03:00,2026-07-30 02:59:59.571034337-03:00,2026-07-30 03:01:27.029787641-03:00,2026-07-30 03:15:44.956702415-03:00
ord_011858,2026-07-30 04:18:00-03:00,store_044,grocery,zone_6,-34.566774019860475,-58.47459015739795,-34.55007807790478,-58.404494334075,6.682,2026-07-30 04:18:54.802632072-03:00,2026-07-30 04:20:11.360744951-03:00,2026-07-30 04:43:01.183842641-03:00,2026-07-30 04:44:34.133103539-03:00,2026-07-30 05:17:26.488907243-03:00
ord_004754,2026-07-30 04:43:00-03:00,store_028,grocery,zone_0,-34.63457105079324,-58.46746917492004,-34.644322824288544,-58.39625864732525,6.604,2026-07-30 04:46:09.153316170-03:00,2026-07-30 04:47:55.165640250-03:00,2026-07-30 05:07:09.490059648-03:00,2026-07-30 05:09:10.113116358-03:00,2026-07-30 05:35:44.715313764-03:00
ord_007149,2026-07-30 05:35:00-03:00,store_022,grocery,zone_6,-34.55293019756051,-58.44543690501026,-34.59346614282377,-58.40194128770487,6.015,2026-07-30 05:39:53.644316514-03:00,2026-07-30 05:42:31.343872242-03:00,2026-07-30 05:57:05.215448616-03:00,2026-07-30 05:59:25.969816278-03:00,2026-07-30 06:18:07.161180264-03:00
ord_002494,2026-07-30 05:47:00-03:00,store_057,food,zone_4,-34.593125880404706,-58.41730055319742,-34.584401917867645,-58.44199743315387,2.46,2026-07-30 05:50:36.884817054-03:00,2026-07-30 05:52:12.772395792-03:00,2026-07-30 06:05:34.655848824-03:00,2026-07-30 06:25:05.335965353-03:00,2026-07-30 06:36:44.847321977-03:00
ord_001179,2026-07-30 07:36:00-03:00,store_031,food,zone_6,-34.553249026756575,-58.453692762576615,-34.621305822589385,-58.35368459452131,11.878,2026-07-30 07:37:32.618080590-03:00,2026-07-30 07:38:32.271884598-03:00,2026-07-30 08:06:45.190403934-03:00,2026-07-30 08:08:05.789665242-03:00,2026-07-30 08:52:42.809269656-03:00
ord_011283,2026-07-30 07:41:00-03:00,store_039,pharmacy,zone_7,-34.583018600531744,-58.39844985070868,-34.617226484621156,-58.460963837996324,6.871,2026-07-30 07:43:16.158330281-03:00,2026-07-30 07:43:28.158330281-03:00,2026-07-30 08:04:08.046522233-03:00,2026-07-30 08:06:45.356509781-03:00,2026-07-30 08:32:39.790949969-03:00
ord_011844,2026-07-30 08:14:00-03:00,store_067,pharmacy,zone_1,-34.619604990193736,-58.4123125876787,-34.571126854507476,-58.368182598799294,6.736,2026-07-30 08:18:21.481536624-03:00,2026-07-30 08:20:05.129528136-03:00,2026-07-30 08:38:30.972657954-03:00,2026-07-30 08:38:50.346997356-03:00,2026-07-30 09:05:23.805410118-03:00
ord_000082,2026-07-30 10:12:00-03:00,store_051,food,zone_2,-34.6492637730249,-58.359734384611016,-34.62073795844929,-58.41989446173136,6.353,2026-07-30 10:14:40.074355980-03:00,2026-07-30 10:16:24.532889310-03:00,2026-07-30 10:38:39.165599448-03:00,2026-07-30 10:40:33.340145898-03:00,2026-07-30 11:08:05.449590150-03:00
ord_000905,2026-07-30 10:31:00-03:00,store_042,grocery,zone_6,-34.57997348979977,-58.46902223825181,-34.556073411360764,-58.430825323932496,4.393,2026-07-30 10:34:46.780969608-03:00,2026-07-30 10:37:06.516457818-03:00,2026-07-30 10:52:02.923747332-03:00,2026-07-30 10:55:21.162920195-03:00,2026-07-30 11:17:15.996331883-03:00
ord_007629,2026-07-30 12:04:00-03:00,store_076,pharmacy,zone_0,-34.62064062422333,-58.443439608100924,-34.626206821427154,-58.36061484025647,7.604,2026-07-30 12:05:10.153917252-03:00,2026-07-30 12:07:56.878266912-03:00,2026-07-30 12:35:39.205417110-03:00,2026-07-30 12:36:21.185561856-03:00,2026-07-30 13:16:03.473341242-03:00
ord_007673,2026-07-30 12:58:00-03:00,store_036,food,zone_2,-34.63700784946645,-58.38139246112142,-34.61044858347796,-58.43102946264855,5.418,2026-07-30 13:02:23.065864548-03:00,2026-07-30 13:05:21.004710432-03:00,2026-07-30 13:30:42.270734436-03:00,2026-07-30 13:43:42.348082920-03:00,2026-07-30 14:07:20.578719564-03:00
ord_002096,2026-07-30 13:07:00-03:00,store_023,grocery,zone_8,-34.56068788786778,-58.354007070944796,-34.6109398098235,-58.47129555220785,12.0,2026-07-30 13:10:23.233475190-03:00,2026-07-30 13:11:57.171251442-03:00,2026-07-30 13:55:36.349573956-03:00,2026-07-30 13:56:51.488177874-03:00,2026-07-30 14:54:42.750080730-03:00
ord_006437,2026-07-30 13:11:00-03:00,store_063,pharmacy,zone_7,-34.573500114258394,-58.40567535319111,-34.5840780630608,-58.377044973267516,2.873,2026-07-30 13:16:15.821337803-03:00,2026-07-30 13:17:37.198081727-03:00,2026-07-30 13:37:59.638273049-03:00,2026-07-30 13:39:06.433108307-03:00,2026-07-30 13:58:45.848828483-03:00
ord_001870,2026-07-30 14:19:00-03:00,store_032,grocery,zone_0,-34.61741746418618,-58.44022563886041,-34.55949351099743,-58.35538433572101,10.09,2026-07-30 14:20:15.266903658-03:00,2026-07-30 14:21:58.941074328-03:00,2026-07-30 14:43:05.413263240-03:00,2026-07-30 14:45:51.435993450-03:00,2026-07-30 15:32:05.406542292-03:00
ord_003345,2026-07-30 15:12:00-03:00,store_016,grocery,zone_4,-34.59454152129842,-58.432964360628056,-34.586884582408956,-58.47137354979357,3.618,2026-07-30 15:16:51.056782458-03:00,2026-07-30 15:18:18.203406546-03:00,2026-07-30 15:32:12.627873234-03:00,2026-07-30 15:33:25.659547698-03:00,2026-07-30 15:50:36.892830828-03:00
ord_011753,2026-07-30 16:08:00-03:00,store_000,grocery,zone_7,-34.5726043951444,-58.39363923975744,-34.57279069101455,-58.44486179705476,4.69,2026-07-30 16:11:40.183263840-03:00,2026-07-30 16:12:54.487303806-03:00,2026-07-30 16:28:03.013312032-03:00,2026-07-30 16:31:16.592412756-03:00,2026-07-30 16:49:52.787114628-03:00
ord_001929,2026-07-30 16:21:00-03:00,store_038,grocery,zone_1,-34.62730906509491,-58.42382790482924,-34.60046122298744,-58.410764841132334,3.216,2026-07-30 16:25:15.314479734-03:00,2026-07-30 16:28:16.652468298-03:00,2026-07-30 16:43:07.365137868-03:00,2026-07-30 16:43:31.375707048-03:00,2026-07-30 17:03:19.158571764-03:00
ord_009417,2026-07-30 18:03:00-03:00,store_059,pharmacy,zone_0,-34.638546992646404,-58.46924510001008,-34.64830889443268,-58.40323753015791,6.135,2026-07-30 18:06:36.345734808-03:00,2026-07-30 18:09:02.712125826-03:00,2026-07-30 18:31:36.548426094-03:00,2026-07-30 18:32:43.528270878-03:00,2026-07-30 18:59:25.664817294-03:00
ord_005612,2026-07-30 18:47:00-03:00,store_063,food,zone_7,-34.573500114258394,-58.40567535319111,-34.60437584227864,-58.454370890503114,5.626,2026-07-30 18:49:48.212489790-03:00,2026-07-30 18:52:03.984956423-03:00,2026-07-30 19:10:46.292401547-03:00,2026-07-30 19:14:26.852692926-03:00,2026-07-30 19:38:30.161294076-03:00
ord_004618,2026-07-30 19:13:00-03:00,store_008,grocery,zone_0,-34.637188636732446,-58.45903466872563,-34.597580003102145,-58.42608946478586,5.337,2026-07-30 19:15:08.259467802-03:00,2026-07-30 19:18:48.252987162-03:00,2026-07-30 19:35:09.206916996-03:00,2026-07-30 19:35:55.582658322-03:00,2026-07-30 20:07:15.350059356-03:00
ord_007679,2026-07-30 23:37:00-03:00,store_058,food,zone_2,-34.63602030018723,-58.37824442045746,-34.60580710013754,-58.38661187593872,3.446,2026-07-30 23:42:29.544834930-03:00,2026-07-30 23:43:23.256745710-03:00,2026-07-30 23:51:22.932953556-03:00,2026-07-31 00:15:52.498526202-03:00,2026-07-31 00:33:39.174778098-03:00
ord_004506,2026-07-30 23:40:00-03:00,store_079,food,zone_8,-34.571610179089355,-58.38007582605071,-34.55821844389668,-58.440415624022855,5.722,2026-07-30 23:44:11.369129694-03:00,2026-07-30 23:47:18.964367424-03:00,2026-07-31 00:06:06.108739002-03:00,2026-07-31 00:07:50.501359254-03:00,2026-07-31 00:31:12.550166394-03:00
ord_009873,2026-07-31 00:03:00-03:00,store_042,food,zone_6,-34.57997348979977,-58.46902223825181,-34.64625492027663,-58.4034118517578,9.506,2026-07-31 00:04:33.531803364-03:00,2026-07-31 00:07:27.410350938-03:00,2026-07-31 00:35:50.657983770-03:00,2026-07-31 00:38:17.106687702-03:00,2026-07-31 01:12:48.783398172-03:00
ord_006065,2026-07-31 02:29:00-03:00,store_065,grocery,zone_3,-34.594642059934195,-58.44529316379805,-34.61911170869967,-58.37674165904789,6.839,2026-07-31 02:33:07.340517576-03:00,2026-07-31 02:35:47.034431844-03:00,2026-07-31 02:59:26.675714376-03:00,2026-07-31 03:01:54.994693038-03:00,2026-07-31 03:32:18.959038974-03:00
ord_009419,2026-07-31 03:27:00-03:00,store_019,pharmacy,zone_5,-34.58683356008779,-58.35495330360857,-34.63131618291274,-58.38979655753308,5.885,2026-07-31 03:29:20.702879226-03:00,2026-07-31 03:32:27.716731368-03:00,2026-07-31 03:55:24.920602098-03:00,2026-07-31 03:56:16.450901028-03:00,2026-07-31 04:20:44.033974350-03:00
ord_006002,2026-07-31 04:36:00-03:00,store_010,grocery,zone_3,-34.61292019757674,-58.460199426647286,-34.55601640604373,-58.39476685683457,8.713,2026-07-31 04:41:28.071891750-03:00,2026-07-31 04:43:35.653181237-03:00,2026-07-31 05:08:11.257775957-03:00,2026-07-31 05:10:21.081074567-03:00,2026-07-31 05:46:53.509506977-03:00
ord_004376,2026-07-31 07:32:00-03:00,store_071,grocery,zone_5,-34.60914713562754,-58.36349909966083,-34.62822394259759,-58.365186009586104,2.127,2026-07-31 07:33:56.603527500-03:00,2026-07-31 07:36:46.517536176-03:00,2026-07-31 07:45:23.516845542-03:00,2026-07-31 07:47:05.910051306-03:00,2026-07-31 08:00:31.618979946-03:00
ord_003708,2026-07-31 08:42:00-03:00,store_045,pharmacy,zone_7,-34.56952356425032,-58.41578119349821,-34.55249410875992,-58.46890163329045,5.22,2026-07-31 08:44:56.691731928-03:00,2026-07-31 08:48:38.592253938-03:00,2026-07-31 09:02:46.338937158-03:00,2026-07-31 09:04:20.755908672-03:00,2026-07-31 09:23:38.504442354-03:00
ord_000446,2026-07-31 09:19:00-03:00,store_020,food,zone_8,-34.57419122599146,-58.361884510208014,-34.63987194549066,-58.43579575186333,9.955,2026-07-31 09:22:01.636848504-03:00,2026-07-31 09:23:48.307973472-03:00,2026-07-31 09:52:09.171618252-03:00,2026-07-31 09:52:27.310605576-03:00,2026-07-31 10:34:31.748083860-03:00
ord_008365,2026-07-31 09:19:00-03:00,store_030,grocery,zone_7,-34.575523784409214,-58.42074908232163,-34.648536130245276,-58.43184364180892,8.182,2026-07-31 09:20:42.909280602-03:00,2026-07-31 09:22:58.899832968-03:00,2026-07-31 09:47:35.979470526-03:00,2026-07-31 09:49:05.173347072-03:00,2026-07-31 10:22:20.713894056-03:00
ord_009639,2026-07-31 09:57:00-03:00,store_024,food,zone_8,-34.57216165029262,-58.378762382484446,-34.63190283673247,-58.359029434715936,6.884,2026-07-31 10:02:13.259359092-03:00,2026-07-31 10:04:31.617329058-03:00,2026-07-31 10:31:16.755892962-03:00,2026-07-31 10:33:42.546228870-03:00,2026-07-31 11:00:01.379018850-03:00
ord_006245,2026-07-31 10:52:00-03:00,store_026,pharmacy,zone_4,-34.603327899627295,-58.421583004721306,-34.59076558892991,-58.45975883683512,3.763,2026-07-31 10:53:57.648343398-03:00,2026-07-31 10:56:52.503420558-03:00,2026-07-31 11:13:24.198742032-03:00,2026-07-31 11:14:39.464223485-03:00,2026-07-31 11:33:25.679964761-03:00
ord_002653,2026-07-31 15:12:00-03:00,store_039,food,zone_7,-34.583018600531744,-58.39844985070868,-34.58918440210403,-58.39039828276682,1.007,2026-07-31 15:13:05.480869452-03:00,2026-07-31 15:15:12.480232362-03:00,2026-07-31 15:21:37.405935198-03:00,2026-07-31 15:42:58.286632560-03:00,2026-07-31 15:51:36.637796322-03:00
ord_000074,2026-07-31 15:15:00-03:00,store_042,grocery,zone_6,-34.57997348979977,-58.46902223825181,-34.61486940297046,-58.38830012389115,8.346,2026-07-31 15:16:43.795313412-03:00,2026-07-31 15:20:09.232559478-03:00,2026-07-31 15:41:14.316518136-03:00,2026-07-31 15:42:23.645786154-03:00,2026-07-31 16:11:33.248197128-03:00
ord_000868,2026-07-31 19:52:00-03:00,store_017,grocery,zone_0,-34.64361827438958,-58.468605510488906,-34.645979813441514,-58.45789126076715,1.015,2026-07-31 19:56:33.601915883-03:00,2026-07-31 19:58:13.803308579-03:00,2026-07-31 20:14:14.410682441-03:00,2026-07-31 20:15:01.245479651-03:00,2026-07-31 20:27:24.651076889-03:00
ord_008297,2026-07-31 19:57:00-03:00,store_060,grocery,zone_7,-34.583159703820954,-58.41673441699104,-34.56003311005838,-58.41989589405477,2.588,2026-07-31 20:00:38.330295024-03:00,2026-07-31 20:02:31.999214760-03:00,2026-07-31 20:24:37.041050862-03:00,2026-07-31 20:26:17.869370016-03:00,2026-07-31 20:41:32.835420606-03:00
ord_001175,2026-07-31 20:12:00-03:00,store_048,food,zone_6,-34.5817504496025,-58.46655761419606,-34.58381277757113,-58.39038212154216,6.977,2026-07-31 20:14:13.672346958-03:00,2026-07-31 20:15:49.104559560-03:00,2026-07-31 20:53:04.567630734-03:00,2026-07-31 20:55:18.176805972-03:00,2026-07-31 21:33:03.068724174-03:00
ord_007649,2026-07-31 20:42:00-03:00,store_055,pharmacy,zone_6,-34.5719270968978,-58.477035496766135,-34.55820527289692,-58.44899533590395,2.987,2026-07-31 20:43:16.564482623-03:00,2026-07-31 20:45:13.671593855-03:00,2026-07-31 21:04:38.543481773-03:00,2026-07-31 21:05:59.062186049-03:00,2026-07-31 21:32:31.897644563-03:00
ord_011779,2026-07-31 21:34:00-03:00,store_058,food,zone_2,-34.63602030018723,-58.37824442045746,-34.615189532767594,-58.36212290843033,2.746,2026-07-31 21:36:27.173539530-03:00,2026-07-31 21:39:04.821280464-03:00,2026-07-31 21:53:46.522280040-03:00,2026-07-31 22:21:44.086018848-03:00,2026-07-31 22:37:54.054921744-03:00
ord_003879,2026-07-31 22:18:00-03:00,store_067,food,zone_1,-34.619604990193736,-58.4123125876787,-34.574848619513716,-58.38497664105171,5.57,2026-07-31 22:21:31.127976060-03:00,2026-07-31 22:22:41.405418432-03:00,2026-07-31 22:40:33.166362660-03:00,2026-07-31 23:06:58.142967474-03:00,2026-07-31 23:31:02.074230546-03:00
ord_005576,2026-07-31 22:26:00-03:00,store_030,food,zone_7,-34.575523784409214,-58.42074908232163,-34.56017342838719,-58.45498445120914,3.569,2026-07-31 22:28:37.084144452-03:00,2026-07-31 22:32:25.594304712-03:00,2026-07-31 22:45:43.730562960-03:00,2026-07-31 22:49:23.443251672-03:00,2026-07-31 23:04:26.106261108-03:00
ord_011774,2026-07-31 22:27:00-03:00,store_008,food,zone_0,-34.637188636732446,-58.45903466872563,-34.63007474173857,-58.394426462647694,5.964,2026-07-31 22:32:00.610849722-03:00,2026-07-31 22:35:00.700589340-03:00,2026-07-31 22:53:42.333704730-03:00,2026-07-31 22:59:53.867705435-03:00,2026-07-31 23:23:07.064317451-03:00
ord_006979,2026-08-01 00:12:00-03:00,store_045,grocery,zone_7,-34.56952356425032,-58.41578119349821,-34.59405070625228,-58.39594331411168,3.277,2026-08-01 00:14:48.407063484-03:00,2026-08-01 00:16:54.356543838-03:00,2026-08-01 00:27:45.866616810-03:00,2026-08-01 00:29:37.346293602-03:00,2026-08-01 00:46:26.142355872-03:00
ord_001505,2026-08-01 01:50:00-03:00,store_035,food,zone_2,-34.63105286409157,-58.36864014306799,-34.56721668081936,-58.47294251026207,11.896,2026-08-01 01:54:18.066107442-03:00,2026-08-01 01:56:19.405050144-03:00,2026-08-01 02:25:07.592623020-03:00,2026-08-01 02:27:29.655508614-03:00,2026-08-01 03:09:36.043769190-03:00
ord_011707,2026-08-01 01:56:00-03:00,store_005,pharmacy,zone_6,-34.55243776483632,-58.46829377809917,-34.57313972077587,-58.39770000680028,6.862,2026-08-01 01:58:20.634423480-03:00,2026-08-01 01:59:23.992424154-03:00,2026-08-01 02:20:23.127442710-03:00,2026-08-01 02:22:15.867871608-03:00,2026-08-01 02:50:40.054194096-03:00
ord_010740,2026-08-01 02:42:00-03:00,store_073,food,zone_1,-34.62660605141346,-58.407975301339924,-34.63738585992293,-58.41252724578387,1.269,2026-08-01 02:46:28.124545308-03:00,2026-08-01 02:51:16.203736818-03:00,2026-08-01 02:58:21.104086110-03:00,2026-08-01 03:00:27.672793008-03:00,2026-08-01 03:06:26.973601518-03:00
ord_010408,2026-08-01 03:30:00-03:00,store_032,grocery,zone_0,-34.61741746418618,-58.44022563886041,-34.64884979420306,-58.46870874113241,4.36,2026-08-01 03:31:36.132576240-03:00,2026-08-01 03:33:13.763045514-03:00,2026-08-01 03:48:22.536727530-03:00,2026-08-01 03:50:12.454744374-03:00,2026-08-01 04:09:52.440929664-03:00
ord_004147,2026-08-01 04:04:00-03:00,store_013,grocery,zone_7,-34.56772383867291,-58.430467240607456,-34.608552223567166,-58.42690609238463,4.552,2026-08-01 04:06:04.152155376-03:00,2026-08-01 04:07:48.348646734-03:00,2026-08-01 04:21:35.398573038-03:00,2026-08-01 04:22:22.946747946-03:00,2026-08-01 04:44:09.263907744-03:00
ord_006272,2026-08-01 04:11:00-03:00,store_023,grocery,zone_8,-34.56068788786778,-58.354007070944796,-34.62913878042021,-58.3719294256428,7.786,2026-08-01 04:13:53.594370912-03:00,2026-08-01 04:15:35.721311238-03:00,2026-08-01 04:40:17.087619402-03:00,2026-08-01 04:42:39.310574598-03:00,2026-08-01 05:14:29.592105300-03:00
ord_005267,2026-08-01 06:00:00-03:00,store_021,food,zone_5,-34.61454740318701,-58.389038072604606,-34.58729760272212,-58.37858246084204,3.178,2026-08-01 06:04:31.345852134-03:00,2026-08-01 06:06:25.340590440-03:00,2026-08-01 06:20:06.834267666-03:00,2026-08-01 06:27:42.347820294-03:00,2026-08-01 06:45:08.235303312-03:00
ord_011309,2026-08-01 09:45:00-03:00,store_067,food,zone_1,-34.619604990193736,-58.4123125876787,-34.55155516606908,-58.37313238961145,8.374,2026-08-01 09:47:56.406025758-03:00,2026-08-01 09:49:36.780208368-03:00,2026-08-01 10:12:35.927146650-03:00,2026-08-01 10:13:24.454060314-03:00,2026-08-01 10:47:32.402255892-03:00
ord_003459,2026-08-01 10:16:00-03:00,store_058,pharmacy,zone_2,-34.63602030018723,-58.37824442045746,-34.61019902089351,-58.424678025171595,5.128,2026-08-01 10:16:30-03:00,2026-08-01 10:17:39.583207362-03:00,2026-08-01 10:36:24.605478216-03:00,2026-08-01 10:37:13.240610922-03:00,2026-08-01 10:58:59.500957458-03:00
ord_002377,2026-08-01 11:26:00-03:00,store_048,pharmacy,zone_6,-34.5817504496025,-58.46655761419606,-34.60074210785876,-58.35980367073956,9.998,2026-08-01 11:27:40.850908884-03:00,2026-08-01 11:28:17.837574216-03:00,2026-08-01 11:54:51.111837924-03:00,2026-08-01 11:56:57.688096038-03:00,2026-08-01 12:33:21.325025220-03:00
ord_008368,2026-08-01 13:00:00-03:00,store_045,food,zone_7,-34.56952356425032,-58.41578119349821,-34.55466823488395,-58.379852074897904,3.681,2026-08-01 13:03:01.310545368-03:00,2026-08-01 13:04:32.742577206-03:00,2026-08-01 13:19:24.473454936-03:00,2026-08-01 13:24:32.113244922-03:00,2026-08-01 13:45:42.835956444-03:00
ord_004163,2026-08-01 13:08:00-03:00,store_021,grocery,zone_5,-34.61454740318701,-58.389038072604606,-34.60067110045947,-58.457219600471745,6.428,2026-08-01 13:13:05.692546476-03:00,2026-08-01 13:16:24.647936844-03:00,2026-08-01 13:38:14.308195650-03:00,2026-08-01 13:39:42.689262690-03:00,2026-08-01 14:11:23.605870608-03:00
ord_006732,2026-08-01 14:12:00-03:00,store_020,food,zone_8,-34.57419122599146,-58.361884510208014,-34.569654836652866,-58.380194935993536,1.751,2026-08-01 14:17:53.161132416-03:00,2026-08-01 14:21:11.937881502-03:00,2026-08-01 14:33:13.399603350-03:00,2026-08-01 14:56:10.546617390-03:00,2026-08-01 15:15:58.233396414-03:00
ord_006262,2026-08-01 14:29:00-03:00,store_029,food,zone_8,-34.58169510467575,-58.3626616884493,-34.57304380921186,-58.355832470086995,1.147,2026-08-01 14:34:05.697663936-03:00,2026-08-01 14:37:07.241056020-03:00,2026-08-01 14:49:04.119540588-03:00,2026-08-01 15:01:12.171521796-03:00,2026-08-01 15:18:42.570786234-03:00
ord_000355,2026-08-01 16:20:00-03:00,store_052,food,zone_7,-34.571307562249785,-58.40446205183895,-34.61447853608679,-58.36783306759386,5.855,2026-08-01 16:23:59.951018466-03:00,2026-08-01 16:25:46.869579174-03:00,2026-08-01 16:46:48.746727864-03:00,2026-08-01 16:48:04.450666134-03:00,2026-08-01 17:14:38.788308935-03:00
ord_010304,2026-08-01 17:11:00-03:00,store_049,food,zone_1,-34.63602475163907,-58.403606205616896,-34.576764866091644,-58.45243936842969,7.962,2026-08-01 17:14:07.480695234-03:00,2026-08-01 17:15:20.301751560-03:00,2026-08-01 17:42:24.915388572-03:00,2026-08-01 17:44:06.831061848-03:00,2026-08-01 18:16:45.708758892-03:00
ord_010736,2026-08-01 18:07:00-03:00,store_036,pharmacy,zone_2,-34.63700784946645,-58.38139246112142,-34.58154080741862,-58.361598647435976,6.428,2026-08-01 18:10:43.320153198-03:00,2026-08-01 18:13:51.644792082-03:00,2026-08-01 18:34:03.997799190-03:00,2026-08-01 18:36:19.906121802-03:00,2026-08-01 19:04:22.340569326-03:00
ord_010241,2026-08-01 19:03:00-03:00,store_072,pharmacy,zone_6,-34.56465969267318,-58.46176761843018,-34.6315231000586,-58.35967570648846,11.941,2026-08-01 19:03:43.256315598-03:00,2026-08-01 19:06:07.913005368-03:00,2026-08-01 19:42:48.778468392-03:00,2026-08-01 19:43:47.804582916-03:00,2026-08-01 20:43:47.804582916-03:00
ord_000983,2026-08-01 19:29:00-03:00,store_004,food,zone_0,-34.640582265211236,-58.4770474304926,-34.61006682111836,-58.44073554236726,4.749,2026-08-01 19:33:21.877351692-03:00,2026-08-01 19:34:05.243972010-03:00,2026-08-01 19:53:54.592078698-03:00,2026-08-01 19:55:21.600805908-03:00,2026-08-01 20:18:24.206439594-03:00
ord_000559,2026-08-01 20:33:00-03:00,store_012,food,zone_4,-34.58561348799193,-58.421999684175375,-34.59095522128494,-58.412963864093534,1.018,2026-08-01 20:37:52.322172708-03:00,2026-08-01 20:39:06.707847996-03:00,2026-08-01 20:46:43.095478704-03:00,2026-08-01 20:55:09.838594398-03:00,2026-08-01 21:10:24.890476985-03:00
ord_009776,2026-08-01 20:45:00-03:00,store_074,pharmacy,zone_0,-34.64416972583109,-58.46588515365239,-34.62465375899006,-58.46797204588858,2.178,2026-08-01 20:47:30.174297018-03:00,2026-08-01 20:50:21.127796484-03:00,2026-08-01 21:05:41.607274146-03:00,2026-08-01 21:07:24.085816530-03:00,2026-08-01 21:26:28.914912276-03:00
ord_005537,2026-08-01 20:56:00-03:00,store_071,food,zone_5,-34.60914713562754,-58.36349909966083,-34.64488178985679,-58.41167854848393,5.935,2026-08-01 20:59:05.624401692-03:00,2026-08-01 21:01:58.731960708-03:00,2026-08-01 21:34:05.648752848-03:00,2026-08-01 21:36:13.791170267-03:00,2026-08-01 22:13:49.536680279-03:00
ord_004555,2026-08-01 21:54:00-03:00,store_013,pharmacy,zone_7,-34.56772383867291,-58.430467240607456,-34.580847248041955,-58.47833126895469,4.619,2026-08-01 21:57:05.913087276-03:00,2026-08-01 21:59:56.119335318-03:00,2026-08-01 22:19:15.291120066-03:00,2026-08-01 22:20:13.229354718-03:00,2026-08-01 22:48:38.479755024-03:00
ord_011208,2026-08-01 22:48:00-03:00,store_070,food,zone_2,-34.628541532718046,-58.372582049854735,-34.56657807072458,-58.42107926303199,8.196,2026-08-01 22:51:07.202166102-03:00,2026-08-01 22:52:48.774100092-03:00,2026-08-01 23:15:27.013358238-03:00,2026-08-01 23:32:42.296091534-03:00,2026-08-02 00:04:11.794212228-03:00
ord_001862,2026-08-02 00:34:00-03:00,store_016,food,zone_4,-34.59454152129842,-58.432964360628056,-34.56290930917739,-58.41419043195247,3.915,2026-08-02 00:35:07.213324602-03:00,2026-08-02 00:36:08.322136296-03:00,2026-08-02 00:52:10.841142774-03:00,2026-08-02 00:54:32.692626012-03:00,2026-08-02 01:12:57.139888638-03:00
ord_010875,2026-08-02 01:09:00-03:00,store_069,pharmacy,zone_3,-34.60632826107676,-58.477190429615554,-34.57002465776267,-58.379242589685845,9.833,2026-08-02 01:12:20.175805470-03:00,2026-08-02 01:14:28.488895385-03:00,2026-08-02 01:44:13.569645839-03:00,2026-08-02 01:46:07.921623719-03:00,2026-08-02 02:27:02.290115543-03:00
ord_007311,2026-08-02 01:24:00-03:00,store_010,pharmacy,zone_3,-34.61292019757674,-58.460199426647286,-34.626419739062634,-58.47591223561657,2.079,2026-08-02 01:28:17.221175292-03:00,2026-08-02 01:30:31.424314272-03:00,2026-08-02 01:41:30.339652824-03:00,2026-08-02 01:43:35.190511842-03:00,2026-08-02 01:58:42.596499042-03:00
ord_004226,2026-08-02 04:32:00-03:00,store_070,food,zone_2,-34.628541532718046,-58.372582049854735,-34.55589301953344,-58.37724371769971,8.089,2026-08-02 04:35:49.462342176-03:00,2026-08-02 04:36:39.358323492-03:00,2026-08-02 05:01:33.275419308-03:00,2026-08-02 05:14:44.374307447-03:00,2026-08-02 05:51:25.763147183-03:00
ord_007093,2026-08-02 04:42:00-03:00,store_055,food,zone_6,-34.5719270968978,-58.477035496766135,-34.61252697296841,-58.387571280461415,9.351,2026-08-02 04:45:50.974949310-03:00,2026-08-02 04:46:02.974949310-03:00,2026-08-02 05:10:07.484109258-03:00,2026-08-02 05:11:34.281152496-03:00,2026-08-02 05:51:07.715072105-03:00
ord_006607,2026-08-02 07:51:00-03:00,store_038,grocery,zone_1,-34.62730906509491,-58.42382790482924,-34.59620825203758,-58.41731684430629,3.509,2026-08-02 07:51:38.958368430-03:00,2026-08-02 07:52:16.029219882-03:00,2026-08-02 08:01:03.433672050-03:00,2026-08-02 08:02:44.750165658-03:00,2026-08-02 08:21:23.333522970-03:00
ord_002812,2026-08-02 13:55:00-03:00,store_043,pharmacy,zone_1,-34.61876333586179,-58.42594503771782,-34.58077100624867,-58.39904456649208,4.89,2026-08-02 13:57:00.673700448-03:00,2026-08-02 13:59:42.543019242-03:00,2026-08-02 14:28:10.340681538-03:00,2026-08-02 14:30:16.320544866-03:00,2026-08-02 14:56:35.808035046-03:00
ord_010209,2026-08-02 14:14:00-03:00,store_059,food,zone_0,-34.638546992646404,-58.46924510001008,-34.575681991147626,-58.36579310805808,11.769,2026-08-02 14:14:46.768182042-03:00,2026-08-02 14:16:40.829942550-03:00,2026-08-02 15:01:40.829942550-03:00,2026-08-02 15:02:15.580638528-03:00,2026-08-02 15:59:34.606223952-03:00
ord_007740,2026-08-02 15:29:00-03:00,store_048,grocery,zone_6,-34.5817504496025,-58.46655761419606,-34.62544508208006,-58.393555456197895,8.261,2026-08-02 15:31:22.598486580-03:00,2026-08-02 15:34:31.467161358-03:00,2026-08-02 15:59:41.847688884-03:00,2026-08-02 16:01:21.727483680-03:00,2026-08-02 16:29:10.891191948-03:00
ord_004849,2026-08-02 16:07:00-03:00,store_005,grocery,zone_6,-34.55243776483632,-58.46829377809917,-34.61267031311,-58.35036814394209,12.0,2026-08-02 16:10:02.815669542-03:00,2026-08-02 16:11:51.992134380-03:00,2026-08-02 16:39:32.265204120-03:00,2026-08-02 16:40:47.466020904-03:00,2026-08-02 17:28:26.756024694-03:00
ord_005727,2026-08-02 16:56:00-03:00,store_026,grocery,zone_4,-34.603327899627295,-58.421583004721306,-34.62961091627353,-58.40945089712845,3.126,2026-08-02 17:01:38.665475370-03:00,2026-08-02 17:04:00.842108064-03:00,2026-08-02 17:14:37.115536932-03:00,2026-08-02 17:21:31.162552608-03:00,2026-08-02 17:33:19.609413030-03:00
ord_011500,2026-08-02 17:42:00-03:00,store_037,pharmacy,zone_5,-34.6024295073774,-58.38646981572638,-34.596344165230235,-58.46602606430431,7.313,2026-08-02 17:45:50.345548686-03:00,2026-08-02 17:47:24.270988541-03:00,2026-08-02 18:08:09.619668317-03:00,2026-08-02 18:10:26.500856698-03:00,2026-08-02 18:38:56.931083740-03:00
ord_011337,2026-08-02 17:46:00-03:00,store_008,food,zone_0,-34.637188636732446,-58.45903466872563,-34.63308800225805,-58.445292990995235,1.337,2026-08-02 17:48:28.176383274-03:00,2026-08-02 17:51:03.697557792-03:00,2026-08-02 17:58:42.053506374-03:00,2026-08-02 18:17:24.493879092-03:00,2026-08-02 18:28:09.629354496-03:00
ord_003590,2026-08-02 18:27:00-03:00,store_078,grocery,zone_5,-34.59429678476587,-58.385490700142704,-34.59081963317995,-58.429406275480154,4.038,2026-08-02 18:28:50.364801534-03:00,2026-08-02 18:30:33.317875794-03:00,2026-08-02 18:42:00.721649178-03:00,2026-08-02 18:44:25.216088232-03:00,2026-08-02 19:05:11.368753134-03:00
ord_009472,2026-08-02 18:42:00-03:00,store_024,food,zone_8,-34.57216165029262,-58.378762382484446,-34.58672935395013,-58.43198581270062,5.135,2026-08-02 18:44:32.653273248-03:00,2026-08-02 18:46:22.869921216-03:00,2026-08-02 19:05:50.307493974-03:00,2026-08-02 19:17:22.874686776-03:00,2026-08-02 19:38:12.604497528-03:00
ord_001768,2026-08-02 21:46:00-03:00,store_023,grocery,zone_8,-34.56068788786778,-58.354007070944796,-34.633290717790274,-58.35726391057873,8.079,2026-08-02 21:49:04.683563844-03:00,2026-08-02 21:50:57.798305982-03:00,2026-08-02 22:23:28.173939546-03:00,2026-08-02 22:24:06.177164100-03:00,2026-08-02 23:16:09.712296486-03:00
ord_010514,2026-08-02 22:22:00-03:00,store_067,food,zone_1,-34.619604990193736,-58.4123125876787,-34.592971430813115,-58.404582385391976,3.045,2026-08-02 22:24:40.025158320-03:00,2026-08-02 22:26:06.068607912-03:00,2026-08-02 22:41:09.376982574-03:00,2026-08-02 22:42:25.639029786-03:00,2026-08-02 23:00:12.415660548-03:00
ord_000130,2026-08-02 23:04:00-03:00,store_019,grocery,zone_5,-34.58683356008779,-58.35495330360857,-34.6375138291399,-58.44768666873748,10.187,2026-08-02 23:06:33.463186716-03:00,2026-08-02 23:09:27.951691536-03:00,2026-08-02 23:34:29.440695810-03:00,2026-08-02 23:35:38.864808102-03:00,2026-08-03 00:13:43.485725640-03:00
ord_004521,2026-08-02 23:11:00-03:00,store_066,grocery,zone_3,-34.59407928392546,-58.436896030345466,-34.58978231118353,-58.39820000296509,3.574,2026-08-02 23:14:47.924793030-03:00,2026-08-02 23:16:31.892938740-03:00,2026-08-02 23:30:27.860936826-03:00,2026-08-02 23:32:55.430367552-03:00,2026-08-02 23:49:34.990476246-03:00
ord_010399,2026-08-03 00:37:00-03:00,store_065,food,zone_3,-34.594642059934195,-58.44529316379805,-34.63046110471883,-58.41179235350878,5.026,2026-08-03 00:39:43.193406336-03:00,2026-08-03 00:41:39.409889568-03:00,2026-08-03 00:55:15.864676698-03:00,2026-08-03 01:09:13.547419476-03:00,2026-08-03 01:33:40.574384892-03:00
ord_001320,2026-08-03 01:35:00-03:00,store_000,food,zone_7,-34.5726043951444,-58.39363923975744,-34.555965989897544,-58.43550631832579,4.257,2026-08-03 01:39:21.671337084-03:00,2026-08-03 01:40:39.787522608-03:00,2026-08-03 01:56:19.630630188-03:00,2026-08-03 01:58:15.090560868-03:00,2026-08-03 02:13:21.581028024-03:00
ord_003633,2026-08-03 02:03:00-03:00,store_004,grocery,zone_0,-34.640582265211236,-58.4770474304926,-34.593356420705355,-58.41494328170501,7.738,2026-08-03 02:07:36.233501118-03:00,2026-08-03 02:10:20.755462674-03:00,2026-08-03 02:28:47.462099370-03:00,2026-08-03 02:29:12.506404944-03:00,2026-08-03 02:58:49.229286054-03:00
ord_001802,2026-08-03 02:32:00-03:00,store_074,food,zone_0,-34.64416972583109,-58.46588515365239,-34.57634715250265,-58.419769916187384,8.642,2026-08-03 02:35:02.571162816-03:00,2026-08-03 02:37:13.209198930-03:00,2026-08-03 02:59:32.502899442-03:00,2026-08-03 03:08:52.963941186-03:00,2026-08-03 03:46:17.191721082-03:00
ord_004971,2026-08-03 02:44:00-03:00,store_031,food,zone_6,-34.553249026756575,-58.453692762576615,-34.58858866225816,-58.35541735425551,9.819,2026-08-03 02:47:47.179826730-03:00,2026-08-03 02:51:00.630525534-03:00,2026-08-03 03:16:51.319687434-03:00,2026-08-03 03:18:33.132019344-03:00,2026-08-03 03:57:57.022375404-03:00
ord_001339,2026-08-03 03:04:00-03:00,store_072,food,zone_6,-34.56465969267318,-58.46176761843018,-34.55852998688371,-58.38499518714455,7.063,2026-08-03 03:07:49.992853710-03:00,2026-08-03 03:09:00.288958248-03:00,2026-08-03 03:30:01.242972828-03:00,2026-08-03 03:33:03.789138695-03:00,2026-08-03 04:05:51.120353711-03:00
ord_005212,2026-08-03 05:42:00-03:00,store_057,food,zone_4,-34.593125880404706,-58.41730055319742,-34.60248843366701,-58.45741948053682,3.817,2026-08-03 05:46:16.641035082-03:00,2026-08-03 05:48:16.679886780-03:00,2026-08-03 06:07:35.623164258-03:00,2026-08-03 06:09:04.744876248-03:00,2026-08-03 06:27:35.382397248-03:00
ord_004305,2026-08-03 08:19:00-03:00,store_079,grocery,zone_8,-34.571610179089355,-58.38007582605071,-34.57817479335654,-58.41700487084294,3.459,2026-08-03 08:19:30-03:00,2026-08-03 08:19:56.883146904-03:00,2026-08-03 08:37:26.279047752-03:00,2026-08-03 08:38:38.945617320-03:00,2026-08-03 08:55:03.177956520-03:00
ord_009714,2026-08-03 08:28:00-03:00,store_018,grocery,zone_6,-34.56723688280074,-58.46465923272433,-34.639398179737626,-58.362593407453446,12.0,2026-08-03 08:29:31.324566737-03:00,2026-08-03 08:31:05.585936705-03:00,2026-08-03 09:05:24.704066471-03:00,2026-08-03 09:07:13.748852765-03:00,2026-08-03 09:53:01.094864981-03:00
ord_006030,2026-08-03 09:26:00-03:00,store_021,food,zone_5,-34.61454740318701,-58.389038072604606,-34.64755664474379,-58.395331506894,3.715,2026-08-03 09:27:02.176254510-03:00,2026-08-03 09:28:44.822652192-03:00,2026-08-03 09:42:24.567917226-03:00,2026-08-03 09:52:12.705781524-03:00,2026-08-03 10:05:04.832738424-03:00
ord_004797,2026-08-03 11:38:00-03:00,store_060,pharmacy,zone_7,-34.583159703820954,-58.41673441699104,-34.637929734704244,-58.4516201454512,6.876,2026-08-03 11:39:53.536892430-03:00,2026-08-03 11:42:43.641824478-03:00,2026-08-03 12:02:18.181336800-03:00,2026-08-03 12:03:51.775108848-03:00,2026-08-03 12:28:31.829947620-03:00
